[0m09:23:05.872294 [debug] [MainThread]: Sending event: {'category': 'dbt', 'action': 'invocation', 'label': 'start', 'context': [<snowplow_tracker.self_describing_json.SelfDescribingJson object at 0x000001E9738A1BE0>, <snowplow_tracker.self_describing_json.SelfDescribingJson object at 0x000001E976364C10>, <snowplow_tracker.self_describing_json.SelfDescribingJson object at 0x000001E976364E50>]}


============================== 09:23:05.934787 | 57d0bebb-01dc-47d9-805d-af37a9fc6c4d ==============================
[0m09:23:05.934787 [info ] [MainThread]: Running with dbt=1.8.6
[0m09:23:05.934787 [debug] [MainThread]: running dbt with arguments {'printer_width': '80', 'indirect_selection': 'eager', 'write_json': 'True', 'log_cache_events': 'False', 'partial_parse': 'True', 'cache_selected_only': 'False', 'profiles_dir': 'C:\\Users\\hp\\.dbt', 'debug': 'False', 'warn_error': 'None', 'log_path': 'logs', 'version_check': 'True', 'fail_fast': 'False', 'use_colors': 'True', 'use_experimental_parser': 'False', 'no_print': 'None', 'quiet': 'False', 'empty': 'None', 'log_format': 'default', 'invocation_command': 'dbt init superside_hr', 'introspect': 'True', 'warn_error_options': 'WarnErrorOptions(include=[], exclude=[])', 'target_path': 'None', 'static_parser': 'True', 'send_anonymous_usage_stats': 'True'}
[0m09:23:06.744925 [debug] [MainThread]: Starter project path: C:\Users\hp\anaconda3\lib\site-packages\dbt\include\starter_project
[0m09:23:06.899964 [info ] [MainThread]: 
Your new dbt project "superside_hr" was created!

For more information on how to configure the profiles.yml file,
please consult the dbt documentation here:

  https://docs.getdbt.com/docs/configure-your-profile

One more thing:

Need help? Don't hesitate to reach out to us via GitHub issues or on Slack:

  https://community.getdbt.com/

Happy modeling!

[0m09:23:06.903980 [info ] [MainThread]: Setting up your profile.
[0m10:11:24.721392 [info ] [MainThread]: Profile superside_hr written to C:\Users\hp\.dbt\profiles.yml using target's profile_template.yml and your supplied values. Run 'dbt debug' to validate the connection.
[0m10:11:24.741135 [debug] [MainThread]: Command `dbt init` succeeded at 10:11:24.740253 after 2899.01 seconds
[0m10:11:24.743135 [debug] [MainThread]: Sending event: {'category': 'dbt', 'action': 'invocation', 'label': 'end', 'context': [<snowplow_tracker.self_describing_json.SelfDescribingJson object at 0x000001E9738A1BE0>, <snowplow_tracker.self_describing_json.SelfDescribingJson object at 0x000001E976339130>, <snowplow_tracker.self_describing_json.SelfDescribingJson object at 0x000001E976328A30>]}
[0m10:11:24.746674 [debug] [MainThread]: Flushing usage events
[0m10:11:47.301985 [debug] [MainThread]: Sending event: {'category': 'dbt', 'action': 'invocation', 'label': 'start', 'context': [<snowplow_tracker.self_describing_json.SelfDescribingJson object at 0x000001AD07431C40>, <snowplow_tracker.self_describing_json.SelfDescribingJson object at 0x000001AD07DB93D0>, <snowplow_tracker.self_describing_json.SelfDescribingJson object at 0x000001AD070F5E50>]}


============================== 10:11:47.301985 | 380b65ae-6a13-477e-9c53-32286d7c2332 ==============================
[0m10:11:47.301985 [info ] [MainThread]: Running with dbt=1.8.6
[0m10:11:47.301985 [debug] [MainThread]: running dbt with arguments {'printer_width': '80', 'indirect_selection': 'eager', 'write_json': 'True', 'log_cache_events': 'False', 'partial_parse': 'True', 'cache_selected_only': 'False', 'profiles_dir': 'C:\\Users\\hp\\.dbt', 'fail_fast': 'False', 'version_check': 'True', 'log_path': 'logs', 'warn_error': 'None', 'debug': 'False', 'use_colors': 'True', 'use_experimental_parser': 'False', 'no_print': 'None', 'quiet': 'False', 'empty': 'None', 'warn_error_options': 'WarnErrorOptions(include=[], exclude=[])', 'invocation_command': 'dbt debug', 'static_parser': 'True', 'log_format': 'default', 'target_path': 'None', 'introspect': 'True', 'send_anonymous_usage_stats': 'True'}
[0m10:11:47.463035 [info ] [MainThread]: dbt version: 1.8.6
[0m10:11:47.465034 [info ] [MainThread]: python version: 3.9.19
[0m10:11:47.467035 [info ] [MainThread]: python path: C:\Users\hp\anaconda3\python.exe
[0m10:11:47.468032 [info ] [MainThread]: os info: Windows-10-10.0.19045-SP0
[0m10:11:50.638163 [info ] [MainThread]: Using profiles dir at C:\Users\hp\.dbt
[0m10:11:50.638163 [info ] [MainThread]: Using profiles.yml file at C:\Users\hp\.dbt\profiles.yml
[0m10:11:50.638163 [info ] [MainThread]: Using dbt_project.yml file at C:\Users\hp\Desktop\Superside_HR_Manager\dbt_project.yml
[0m10:11:50.638163 [error] [MainThread]: Encountered an error:
Internal Error
  Profile should not be None if loading profile completed
[0m10:11:50.654933 [debug] [MainThread]: Command `dbt debug` failed at 10:11:50.654933 after 3.50 seconds
[0m10:11:50.655934 [debug] [MainThread]: Sending event: {'category': 'dbt', 'action': 'invocation', 'label': 'end', 'context': [<snowplow_tracker.self_describing_json.SelfDescribingJson object at 0x000001AD07431C40>, <snowplow_tracker.self_describing_json.SelfDescribingJson object at 0x000001AD09BD5A90>, <snowplow_tracker.self_describing_json.SelfDescribingJson object at 0x000001AD070F5C10>]}
[0m10:11:50.656932 [debug] [MainThread]: Flushing usage events
[0m11:20:09.108659 [debug] [MainThread]: Sending event: {'category': 'dbt', 'action': 'invocation', 'label': 'start', 'context': [<snowplow_tracker.self_describing_json.SelfDescribingJson object at 0x0000029AA86A1C40>, <snowplow_tracker.self_describing_json.SelfDescribingJson object at 0x0000029AAB164B50>, <snowplow_tracker.self_describing_json.SelfDescribingJson object at 0x0000029AAB164D60>]}


============================== 11:20:09.108659 | 440fe69a-7d9f-49fb-a5c5-8bf73340a81e ==============================
[0m11:20:09.108659 [info ] [MainThread]: Running with dbt=1.8.6
[0m11:20:09.108659 [debug] [MainThread]: running dbt with arguments {'printer_width': '80', 'indirect_selection': 'eager', 'log_cache_events': 'False', 'write_json': 'True', 'partial_parse': 'True', 'cache_selected_only': 'False', 'profiles_dir': 'C:\\Users\\hp\\.dbt', 'fail_fast': 'False', 'warn_error': 'None', 'log_path': 'logs', 'version_check': 'True', 'debug': 'False', 'use_colors': 'True', 'use_experimental_parser': 'False', 'empty': 'None', 'quiet': 'False', 'no_print': 'None', 'log_format': 'default', 'static_parser': 'True', 'invocation_command': 'dbt test', 'introspect': 'True', 'target_path': 'None', 'warn_error_options': 'WarnErrorOptions(include=[], exclude=[])', 'send_anonymous_usage_stats': 'True'}
[0m11:20:09.124288 [error] [MainThread]: Encountered an error:
Runtime Error
  No dbt_project.yml found at expected path C:\Users\hp\Desktop\Superside_HR_Manager\dbt_project.yml
  Verify that each entry within packages.yml (and their transitive dependencies) contains a file named dbt_project.yml
  
[0m11:20:09.124288 [debug] [MainThread]: Command `dbt test` failed at 11:20:09.124288 after 0.12 seconds
[0m11:20:09.124288 [debug] [MainThread]: Sending event: {'category': 'dbt', 'action': 'invocation', 'label': 'end', 'context': [<snowplow_tracker.self_describing_json.SelfDescribingJson object at 0x0000029AA86A1C40>, <snowplow_tracker.self_describing_json.SelfDescribingJson object at 0x0000029AAB164BB0>, <snowplow_tracker.self_describing_json.SelfDescribingJson object at 0x0000029AAB164AC0>]}
[0m11:20:09.124288 [debug] [MainThread]: Flushing usage events
[0m11:21:27.610454 [debug] [MainThread]: Sending event: {'category': 'dbt', 'action': 'invocation', 'label': 'start', 'context': [<snowplow_tracker.self_describing_json.SelfDescribingJson object at 0x000001E33DF01BB0>, <snowplow_tracker.self_describing_json.SelfDescribingJson object at 0x000001E3409C03A0>, <snowplow_tracker.self_describing_json.SelfDescribingJson object at 0x000001E3409C0130>]}


============================== 11:21:27.626093 | ec8d90f3-dbf4-442a-b46c-e1ce20380d1c ==============================
[0m11:21:27.626093 [info ] [MainThread]: Running with dbt=1.8.6
[0m11:21:27.626093 [debug] [MainThread]: running dbt with arguments {'printer_width': '80', 'indirect_selection': 'eager', 'log_cache_events': 'False', 'write_json': 'True', 'partial_parse': 'True', 'cache_selected_only': 'False', 'profiles_dir': 'C:\\Users\\hp\\.dbt', 'debug': 'False', 'warn_error': 'None', 'log_path': 'logs', 'fail_fast': 'False', 'version_check': 'True', 'use_colors': 'True', 'use_experimental_parser': 'False', 'no_print': 'None', 'quiet': 'False', 'empty': 'False', 'log_format': 'default', 'invocation_command': 'dbt run', 'introspect': 'True', 'static_parser': 'True', 'target_path': 'None', 'warn_error_options': 'WarnErrorOptions(include=[], exclude=[])', 'send_anonymous_usage_stats': 'True'}
[0m11:21:27.626093 [error] [MainThread]: Encountered an error:
Runtime Error
  No dbt_project.yml found at expected path C:\Users\hp\Desktop\Superside_HR_Manager\dbt_project.yml
  Verify that each entry within packages.yml (and their transitive dependencies) contains a file named dbt_project.yml
  
[0m11:21:27.639075 [debug] [MainThread]: Command `dbt run` failed at 11:21:27.639075 after 0.12 seconds
[0m11:21:27.641079 [debug] [MainThread]: Sending event: {'category': 'dbt', 'action': 'invocation', 'label': 'end', 'context': [<snowplow_tracker.self_describing_json.SelfDescribingJson object at 0x000001E33DF01BB0>, <snowplow_tracker.self_describing_json.SelfDescribingJson object at 0x000001E34098A370>, <snowplow_tracker.self_describing_json.SelfDescribingJson object at 0x000001E34098A760>]}
[0m11:21:27.642668 [debug] [MainThread]: Flushing usage events
[0m11:27:14.832662 [debug] [MainThread]: Sending event: {'category': 'dbt', 'action': 'invocation', 'label': 'start', 'context': [<snowplow_tracker.self_describing_json.SelfDescribingJson object at 0x00000185C16F1C10>, <snowplow_tracker.self_describing_json.SelfDescribingJson object at 0x00000185C41B5BB0>, <snowplow_tracker.self_describing_json.SelfDescribingJson object at 0x00000185C41B5D90>]}


============================== 11:27:14.848311 | 65059ccb-49f0-431b-887d-4a5e596faddb ==============================
[0m11:27:14.848311 [info ] [MainThread]: Running with dbt=1.8.6
[0m11:27:14.848311 [debug] [MainThread]: running dbt with arguments {'printer_width': '80', 'indirect_selection': 'eager', 'log_cache_events': 'False', 'write_json': 'True', 'partial_parse': 'True', 'cache_selected_only': 'False', 'profiles_dir': 'C:\\Users\\hp\\.dbt', 'debug': 'False', 'fail_fast': 'False', 'log_path': 'logs', 'version_check': 'True', 'warn_error': 'None', 'use_colors': 'True', 'use_experimental_parser': 'False', 'no_print': 'None', 'quiet': 'False', 'empty': 'None', 'log_format': 'default', 'introspect': 'True', 'warn_error_options': 'WarnErrorOptions(include=[], exclude=[])', 'static_parser': 'True', 'target_path': 'None', 'invocation_command': 'dbt test', 'send_anonymous_usage_stats': 'True'}
[0m11:27:14.848311 [error] [MainThread]: Encountered an error:
Runtime Error
  No dbt_project.yml found at expected path C:\Users\hp\Desktop\Superside_HR_Manager\dbt_project.yml
  Verify that each entry within packages.yml (and their transitive dependencies) contains a file named dbt_project.yml
  
[0m11:27:14.848311 [debug] [MainThread]: Command `dbt test` failed at 11:27:14.848311 after 0.13 seconds
[0m11:27:14.848311 [debug] [MainThread]: Sending event: {'category': 'dbt', 'action': 'invocation', 'label': 'end', 'context': [<snowplow_tracker.self_describing_json.SelfDescribingJson object at 0x00000185C16F1C10>, <snowplow_tracker.self_describing_json.SelfDescribingJson object at 0x00000185C41B5C10>, <snowplow_tracker.self_describing_json.SelfDescribingJson object at 0x00000185C41B5B20>]}
[0m11:27:14.848311 [debug] [MainThread]: Flushing usage events
[0m09:09:54.812847 [debug] [MainThread]: Sending event: {'category': 'dbt', 'action': 'invocation', 'label': 'start', 'context': [<snowplow_tracker.self_describing_json.SelfDescribingJson object at 0x0000021344BB1C40>, <snowplow_tracker.self_describing_json.SelfDescribingJson object at 0x0000021347674B50>, <snowplow_tracker.self_describing_json.SelfDescribingJson object at 0x0000021347674D60>]}


============================== 09:09:54.844149 | b0a1cd66-91ce-4db5-b252-237e4802f4f6 ==============================
[0m09:09:54.844149 [info ] [MainThread]: Running with dbt=1.8.6
[0m09:09:54.844149 [debug] [MainThread]: running dbt with arguments {'printer_width': '80', 'indirect_selection': 'eager', 'write_json': 'True', 'log_cache_events': 'False', 'partial_parse': 'True', 'cache_selected_only': 'False', 'profiles_dir': 'C:\\Users\\hp\\.dbt', 'debug': 'False', 'warn_error': 'None', 'log_path': 'logs', 'version_check': 'True', 'fail_fast': 'False', 'use_colors': 'True', 'use_experimental_parser': 'False', 'empty': 'False', 'quiet': 'False', 'no_print': 'None', 'log_format': 'default', 'static_parser': 'True', 'warn_error_options': 'WarnErrorOptions(include=[], exclude=[])', 'introspect': 'True', 'target_path': 'None', 'invocation_command': 'dbt run', 'send_anonymous_usage_stats': 'True'}
[0m09:09:54.844149 [error] [MainThread]: Encountered an error:
Runtime Error
  No dbt_project.yml found at expected path C:\Users\hp\Desktop\Superside_HR_Manager\dbt_project.yml
  Verify that each entry within packages.yml (and their transitive dependencies) contains a file named dbt_project.yml
  
[0m09:09:54.859701 [debug] [MainThread]: Command `dbt run` failed at 09:09:54.859701 after 0.25 seconds
[0m09:09:54.859701 [debug] [MainThread]: Sending event: {'category': 'dbt', 'action': 'invocation', 'label': 'end', 'context': [<snowplow_tracker.self_describing_json.SelfDescribingJson object at 0x0000021344BB1C40>, <snowplow_tracker.self_describing_json.SelfDescribingJson object at 0x0000021347674BB0>, <snowplow_tracker.self_describing_json.SelfDescribingJson object at 0x0000021347674AC0>]}
[0m09:09:54.859701 [debug] [MainThread]: Flushing usage events
[0m09:29:04.146385 [debug] [MainThread]: Sending event: {'category': 'dbt', 'action': 'invocation', 'label': 'start', 'context': [<snowplow_tracker.self_describing_json.SelfDescribingJson object at 0x00000204AC621C70>, <snowplow_tracker.self_describing_json.SelfDescribingJson object at 0x00000204AF0E6C10>, <snowplow_tracker.self_describing_json.SelfDescribingJson object at 0x00000204AF0E6DF0>]}


============================== 09:29:04.146385 | 8249e43c-2b21-458f-800c-1d4251f4cc29 ==============================
[0m09:29:04.146385 [info ] [MainThread]: Running with dbt=1.8.6
[0m09:29:04.162009 [debug] [MainThread]: running dbt with arguments {'printer_width': '80', 'indirect_selection': 'eager', 'write_json': 'True', 'log_cache_events': 'False', 'partial_parse': 'True', 'cache_selected_only': 'False', 'profiles_dir': 'C:\\Users\\hp\\.dbt', 'fail_fast': 'False', 'version_check': 'True', 'log_path': 'logs', 'debug': 'False', 'warn_error': 'None', 'use_colors': 'True', 'use_experimental_parser': 'False', 'empty': 'False', 'quiet': 'False', 'no_print': 'None', 'warn_error_options': 'WarnErrorOptions(include=[], exclude=[])', 'static_parser': 'True', 'invocation_command': 'dbt run', 'introspect': 'True', 'target_path': 'None', 'log_format': 'default', 'send_anonymous_usage_stats': 'True'}
[0m09:29:04.162009 [error] [MainThread]: Encountered an error:
Runtime Error
  No dbt_project.yml found at expected path C:\Users\hp\Desktop\Superside_HR_Manager\dbt_project.yml
  Verify that each entry within packages.yml (and their transitive dependencies) contains a file named dbt_project.yml
  
[0m09:29:04.170805 [debug] [MainThread]: Command `dbt run` failed at 09:29:04.170805 after 0.25 seconds
[0m09:29:04.172808 [debug] [MainThread]: Sending event: {'category': 'dbt', 'action': 'invocation', 'label': 'end', 'context': [<snowplow_tracker.self_describing_json.SelfDescribingJson object at 0x00000204AC621C70>, <snowplow_tracker.self_describing_json.SelfDescribingJson object at 0x00000204AF0E6C70>, <snowplow_tracker.self_describing_json.SelfDescribingJson object at 0x00000204AF0E6B80>]}
[0m09:29:04.174840 [debug] [MainThread]: Flushing usage events
[0m15:50:59.319603 [debug] [MainThread]: Sending event: {'category': 'dbt', 'action': 'invocation', 'label': 'start', 'context': [<snowplow_tracker.self_describing_json.SelfDescribingJson object at 0x000001BFA2D21C40>, <snowplow_tracker.self_describing_json.SelfDescribingJson object at 0x000001BFA57E0460>, <snowplow_tracker.self_describing_json.SelfDescribingJson object at 0x000001BFA57E0130>]}


============================== 15:50:59.397700 | cf3a62d1-3d0d-4c24-a612-6222bacf01d0 ==============================
[0m15:50:59.397700 [info ] [MainThread]: Running with dbt=1.8.6
[0m15:50:59.397700 [debug] [MainThread]: running dbt with arguments {'printer_width': '80', 'indirect_selection': 'eager', 'log_cache_events': 'False', 'write_json': 'True', 'partial_parse': 'True', 'cache_selected_only': 'False', 'profiles_dir': 'C:\\Users\\hp\\.dbt', 'fail_fast': 'False', 'warn_error': 'None', 'log_path': 'logs', 'debug': 'False', 'version_check': 'True', 'use_colors': 'True', 'use_experimental_parser': 'False', 'no_print': 'None', 'quiet': 'False', 'empty': 'None', 'warn_error_options': 'WarnErrorOptions(include=[], exclude=[])', 'invocation_command': 'dbt deps', 'introspect': 'True', 'log_format': 'default', 'target_path': 'None', 'static_parser': 'True', 'send_anonymous_usage_stats': 'True'}
[0m15:50:59.397700 [error] [MainThread]: Encountered an error:
Runtime Error
  No dbt_project.yml found at expected path C:\Users\hp\Desktop\Superside_HR_Manager\dbt_project.yml
  Verify that each entry within packages.yml (and their transitive dependencies) contains a file named dbt_project.yml
  
[0m15:50:59.397700 [debug] [MainThread]: Command `dbt deps` failed at 15:50:59.397700 after 0.29 seconds
[0m15:50:59.413348 [debug] [MainThread]: Sending event: {'category': 'dbt', 'action': 'invocation', 'label': 'end', 'context': [<snowplow_tracker.self_describing_json.SelfDescribingJson object at 0x000001BFA2D21C40>, <snowplow_tracker.self_describing_json.SelfDescribingJson object at 0x000001BFA57BD9D0>, <snowplow_tracker.self_describing_json.SelfDescribingJson object at 0x000001BFA57BD970>]}
[0m15:50:59.414798 [debug] [MainThread]: Flushing usage events
[0m16:27:07.993573 [debug] [MainThread]: Sending event: {'category': 'dbt', 'action': 'invocation', 'label': 'start', 'context': [<snowplow_tracker.self_describing_json.SelfDescribingJson object at 0x000002D14A121BE0>, <snowplow_tracker.self_describing_json.SelfDescribingJson object at 0x000002D14CBE1B50>, <snowplow_tracker.self_describing_json.SelfDescribingJson object at 0x000002D14CBE1FA0>]}


============================== 16:27:08.103011 | 59d0c55a-8841-407b-bb3f-b8fb46ce2f56 ==============================
[0m16:27:08.103011 [info ] [MainThread]: Running with dbt=1.8.6
[0m16:27:08.103011 [debug] [MainThread]: running dbt with arguments {'printer_width': '80', 'indirect_selection': 'eager', 'log_cache_events': 'False', 'write_json': 'True', 'partial_parse': 'True', 'cache_selected_only': 'False', 'profiles_dir': 'C:\\Users\\hp\\.dbt', 'version_check': 'True', 'warn_error': 'None', 'log_path': 'C:\\Users\\hp\\Desktop\\Superside_HR_Manager\\logs', 'debug': 'False', 'fail_fast': 'False', 'use_colors': 'True', 'use_experimental_parser': 'False', 'no_print': 'None', 'quiet': 'False', 'empty': 'False', 'warn_error_options': 'WarnErrorOptions(include=[], exclude=[])', 'static_parser': 'True', 'introspect': 'True', 'log_format': 'default', 'target_path': 'None', 'invocation_command': 'dbt run', 'send_anonymous_usage_stats': 'True'}
[0m16:28:38.441940 [debug] [MainThread]: Sending event: {'category': 'dbt', 'action': 'project_id', 'label': '59d0c55a-8841-407b-bb3f-b8fb46ce2f56', 'context': [<snowplow_tracker.self_describing_json.SelfDescribingJson object at 0x000002D151648580>]}
[0m16:28:38.551287 [debug] [MainThread]: Sending event: {'category': 'dbt', 'action': 'adapter_info', 'label': '59d0c55a-8841-407b-bb3f-b8fb46ce2f56', 'context': [<snowplow_tracker.self_describing_json.SelfDescribingJson object at 0x000002D14C044880>]}
[0m16:28:38.551287 [info ] [MainThread]: Registered adapter: bigquery=1.8.2
[0m16:28:38.577068 [debug] [MainThread]: checksum: 2f2fb10c73cafe3e79aa104295a8244291492b32b5598ce46af770f7d0bd5194, vars: {}, profile: , target: , version: 1.8.6
[0m16:28:38.578323 [info ] [MainThread]: Unable to do partial parsing because saved manifest not found. Starting full parse.
[0m16:28:38.578323 [debug] [MainThread]: Sending event: {'category': 'dbt', 'action': 'partial_parser', 'label': '59d0c55a-8841-407b-bb3f-b8fb46ce2f56', 'context': [<snowplow_tracker.self_describing_json.SelfDescribingJson object at 0x000002D149DF6DF0>]}
[0m16:28:41.508462 [warn ] [MainThread]: [[33mWARNING[0m]: Configuration paths exist in your dbt_project.yml file which do not apply to any resources.
There are 1 unused configuration paths:
- models.superside_hr.staging
[0m16:28:41.522524 [debug] [MainThread]: Sending event: {'category': 'dbt', 'action': 'load_project', 'label': '59d0c55a-8841-407b-bb3f-b8fb46ce2f56', 'context': [<snowplow_tracker.self_describing_json.SelfDescribingJson object at 0x000002D1528C4EB0>]}
[0m16:28:41.717696 [debug] [MainThread]: Sending event: {'category': 'dbt', 'action': 'resource_counts', 'label': '59d0c55a-8841-407b-bb3f-b8fb46ce2f56', 'context': [<snowplow_tracker.self_describing_json.SelfDescribingJson object at 0x000002D1529B7430>]}
[0m16:28:41.717696 [info ] [MainThread]: Found 476 macros
[0m16:28:41.717696 [debug] [MainThread]: Sending event: {'category': 'dbt', 'action': 'runnable_timing', 'label': '59d0c55a-8841-407b-bb3f-b8fb46ce2f56', 'context': [<snowplow_tracker.self_describing_json.SelfDescribingJson object at 0x000002D152886460>]}
[0m16:28:41.717696 [info ] [MainThread]: 
[0m16:28:41.717696 [warn ] [MainThread]: Nothing to do. Try checking your model configs and model specification args
[0m16:28:41.730068 [debug] [MainThread]: Command end result
[0m16:28:41.787275 [debug] [MainThread]: Command `dbt run` succeeded at 16:28:41.787275 after 94.09 seconds
[0m16:28:41.787275 [debug] [MainThread]: Sending event: {'category': 'dbt', 'action': 'invocation', 'label': 'end', 'context': [<snowplow_tracker.self_describing_json.SelfDescribingJson object at 0x000002D14A121BE0>, <snowplow_tracker.self_describing_json.SelfDescribingJson object at 0x000002D14C512E20>, <snowplow_tracker.self_describing_json.SelfDescribingJson object at 0x000002D15164DD60>]}
[0m16:28:41.787275 [debug] [MainThread]: Flushing usage events
[0m16:29:47.218012 [debug] [MainThread]: Sending event: {'category': 'dbt', 'action': 'invocation', 'label': 'start', 'context': [<snowplow_tracker.self_describing_json.SelfDescribingJson object at 0x00000200EEA21BB0>, <snowplow_tracker.self_describing_json.SelfDescribingJson object at 0x00000200F03A7730>, <snowplow_tracker.self_describing_json.SelfDescribingJson object at 0x00000200EE70CC70>]}


============================== 16:29:47.218012 | 66d95c74-f235-4f40-a543-3b94f97b2b3d ==============================
[0m16:29:47.218012 [info ] [MainThread]: Running with dbt=1.8.6
[0m16:29:47.233636 [debug] [MainThread]: running dbt with arguments {'printer_width': '80', 'indirect_selection': 'eager', 'write_json': 'True', 'log_cache_events': 'False', 'partial_parse': 'True', 'cache_selected_only': 'False', 'warn_error': 'None', 'fail_fast': 'False', 'profiles_dir': 'C:\\Users\\hp\\.dbt', 'log_path': 'C:\\Users\\hp\\Desktop\\Superside_HR_Manager\\logs', 'debug': 'False', 'version_check': 'True', 'use_colors': 'True', 'use_experimental_parser': 'False', 'no_print': 'None', 'quiet': 'False', 'empty': 'None', 'log_format': 'default', 'static_parser': 'True', 'invocation_command': 'dbt debug', 'warn_error_options': 'WarnErrorOptions(include=[], exclude=[])', 'target_path': 'None', 'introspect': 'True', 'send_anonymous_usage_stats': 'True'}
[0m16:29:47.323569 [info ] [MainThread]: dbt version: 1.8.6
[0m16:29:47.323569 [info ] [MainThread]: python version: 3.9.19
[0m16:29:47.339178 [info ] [MainThread]: python path: C:\Users\hp\anaconda3\python.exe
[0m16:29:47.339178 [info ] [MainThread]: os info: Windows-10-10.0.19045-SP0
[0m16:29:50.863810 [info ] [MainThread]: Using profiles dir at C:\Users\hp\.dbt
[0m16:29:50.863810 [info ] [MainThread]: Using profiles.yml file at C:\Users\hp\.dbt\profiles.yml
[0m16:29:50.879409 [info ] [MainThread]: Using dbt_project.yml file at C:\Users\hp\Desktop\Superside_HR_Manager\dbt_project.yml
[0m16:29:50.879409 [info ] [MainThread]: adapter type: bigquery
[0m16:29:50.879409 [info ] [MainThread]: adapter version: 1.8.2
[0m16:29:51.046490 [info ] [MainThread]: Configuration:
[0m16:29:51.046490 [info ] [MainThread]:   profiles.yml file [[32mOK found and valid[0m]
[0m16:29:51.062094 [info ] [MainThread]:   dbt_project.yml file [[32mOK found and valid[0m]
[0m16:29:51.062094 [info ] [MainThread]: Required dependencies:
[0m16:29:51.062094 [debug] [MainThread]: Executing "git --help"
[0m16:29:51.229550 [debug] [MainThread]: STDOUT: "b"usage: git [-v | --version] [-h | --help] [-C <path>] [-c <name>=<value>]\n           [--exec-path[=<path>]] [--html-path] [--man-path] [--info-path]\n           [-p | --paginate | -P | --no-pager] [--no-replace-objects] [--bare]\n           [--git-dir=<path>] [--work-tree=<path>] [--namespace=<name>]\n           [--config-env=<name>=<envvar>] <command> [<args>]\n\nThese are common Git commands used in various situations:\n\nstart a working area (see also: git help tutorial)\n   clone     Clone a repository into a new directory\n   init      Create an empty Git repository or reinitialize an existing one\n\nwork on the current change (see also: git help everyday)\n   add       Add file contents to the index\n   mv        Move or rename a file, a directory, or a symlink\n   restore   Restore working tree files\n   rm        Remove files from the working tree and from the index\n\nexamine the history and state (see also: git help revisions)\n   bisect    Use binary search to find the commit that introduced a bug\n   diff      Show changes between commits, commit and working tree, etc\n   grep      Print lines matching a pattern\n   log       Show commit logs\n   show      Show various types of objects\n   status    Show the working tree status\n\ngrow, mark and tweak your common history\n   branch    List, create, or delete branches\n   commit    Record changes to the repository\n   merge     Join two or more development histories together\n   rebase    Reapply commits on top of another base tip\n   reset     Reset current HEAD to the specified state\n   switch    Switch branches\n   tag       Create, list, delete or verify a tag object signed with GPG\n\ncollaborate (see also: git help workflows)\n   fetch     Download objects and refs from another repository\n   pull      Fetch from and integrate with another repository or a local branch\n   push      Update remote refs along with associated objects\n\n'git help -a' and 'git help -g' list available subcommands and some\nconcept guides. See 'git help <command>' or 'git help <concept>'\nto read about a specific subcommand or concept.\nSee 'git help git' for an overview of the system.\n""
[0m16:29:51.229550 [debug] [MainThread]: STDERR: "b''"
[0m16:29:51.229550 [info ] [MainThread]:  - git [[32mOK found[0m]

[0m16:29:51.229550 [info ] [MainThread]: Connection:
[0m16:29:51.229550 [info ] [MainThread]:   method: oauth
[0m16:29:51.229550 [info ] [MainThread]:   database: glass-mantra-128509
[0m16:29:51.241054 [info ] [MainThread]:   execution_project: glass-mantra-128509
[0m16:29:51.242053 [info ] [MainThread]:   schema: superside_hr
[0m16:29:51.244926 [info ] [MainThread]:   location: EU
[0m16:29:51.246925 [info ] [MainThread]:   priority: interactive
[0m16:29:51.251225 [info ] [MainThread]:   maximum_bytes_billed: None
[0m16:29:51.253326 [info ] [MainThread]:   impersonate_service_account: None
[0m16:29:51.254220 [info ] [MainThread]:   job_retry_deadline_seconds: None
[0m16:29:51.256505 [info ] [MainThread]:   job_retries: 1
[0m16:29:51.259481 [info ] [MainThread]:   job_creation_timeout_seconds: None
[0m16:29:51.261477 [info ] [MainThread]:   job_execution_timeout_seconds: 300
[0m16:29:51.262978 [info ] [MainThread]:   timeout_seconds: 300
[0m16:29:51.265886 [info ] [MainThread]:   client_id: None
[0m16:29:51.265886 [info ] [MainThread]:   token_uri: None
[0m16:29:51.265886 [info ] [MainThread]:   dataproc_region: None
[0m16:29:51.273227 [info ] [MainThread]:   dataproc_cluster_name: None
[0m16:29:51.274945 [info ] [MainThread]:   gcs_bucket: None
[0m16:29:51.276412 [info ] [MainThread]:   dataproc_batch: None
[0m16:29:51.278451 [info ] [MainThread]: Registered adapter: bigquery=1.8.2
[0m16:29:51.282667 [debug] [MainThread]: Acquiring new bigquery connection 'debug'
[0m16:29:51.282667 [debug] [MainThread]: Opening a new connection, currently in state init
[0m16:30:03.620124 [debug] [MainThread]: BigQuery adapter: Got an error when attempting to create a bigquery client: 'Runtime Error
  Failed to authenticate with supplied credentials
  error:
  Your default credentials were not found. To set up Application Default Credentials, see https://cloud.google.com/docs/authentication/external/set-up-adc for more information.'
[0m16:30:03.620124 [info ] [MainThread]:   Connection test: [[31mERROR[0m]

[0m16:30:03.620124 [info ] [MainThread]: [31m1 check failed:[0m
[0m16:30:03.620124 [info ] [MainThread]: dbt was unable to connect to the specified database.
The database returned the following error:

  >Database Error
  Runtime Error
    Failed to authenticate with supplied credentials
    error:
    Your default credentials were not found. To set up Application Default Credentials, see https://cloud.google.com/docs/authentication/external/set-up-adc for more information.

Check your database credentials and try again. For more information, visit:
https://docs.getdbt.com/docs/configure-your-profile


[0m16:30:03.632014 [debug] [MainThread]: Command `dbt debug` failed at 16:30:03.631011 after 16.56 seconds
[0m16:30:03.632014 [debug] [MainThread]: Connection 'debug' was properly closed.
[0m16:30:03.634495 [debug] [MainThread]: Sending event: {'category': 'dbt', 'action': 'invocation', 'label': 'end', 'context': [<snowplow_tracker.self_describing_json.SelfDescribingJson object at 0x00000200EEA21BB0>, <snowplow_tracker.self_describing_json.SelfDescribingJson object at 0x00000200F60D2E20>, <snowplow_tracker.self_describing_json.SelfDescribingJson object at 0x00000200F60D2970>]}
[0m16:30:03.635779 [debug] [MainThread]: Flushing usage events
[0m17:57:19.224707 [debug] [MainThread]: Sending event: {'category': 'dbt', 'action': 'invocation', 'label': 'start', 'context': [<snowplow_tracker.self_describing_json.SelfDescribingJson object at 0x000002937CAE1C70>, <snowplow_tracker.self_describing_json.SelfDescribingJson object at 0x000002937F5A1BB0>, <snowplow_tracker.self_describing_json.SelfDescribingJson object at 0x000002937F5A1DF0>]}


============================== 17:57:19.318452 | 7730cd94-f880-45c2-8eae-605b5870a4c3 ==============================
[0m17:57:19.318452 [info ] [MainThread]: Running with dbt=1.8.6
[0m17:57:19.318452 [debug] [MainThread]: running dbt with arguments {'printer_width': '80', 'indirect_selection': 'eager', 'write_json': 'True', 'log_cache_events': 'False', 'partial_parse': 'True', 'cache_selected_only': 'False', 'warn_error': 'None', 'debug': 'False', 'version_check': 'True', 'log_path': 'C:\\Users\\hp\\Desktop\\Superside_HR_Manager\\logs', 'fail_fast': 'False', 'profiles_dir': 'C:\\Users\\hp\\.dbt', 'use_colors': 'True', 'use_experimental_parser': 'False', 'empty': 'False', 'quiet': 'False', 'no_print': 'None', 'warn_error_options': 'WarnErrorOptions(include=[], exclude=[])', 'introspect': 'True', 'static_parser': 'True', 'log_format': 'default', 'target_path': 'None', 'invocation_command': 'dbt run', 'send_anonymous_usage_stats': 'True'}
[0m17:58:12.860629 [debug] [MainThread]: Sending event: {'category': 'dbt', 'action': 'project_id', 'label': '7730cd94-f880-45c2-8eae-605b5870a4c3', 'context': [<snowplow_tracker.self_describing_json.SelfDescribingJson object at 0x000002930405A8B0>]}
[0m17:58:13.019860 [debug] [MainThread]: Sending event: {'category': 'dbt', 'action': 'adapter_info', 'label': '7730cd94-f880-45c2-8eae-605b5870a4c3', 'context': [<snowplow_tracker.self_describing_json.SelfDescribingJson object at 0x000002937F57B250>]}
[0m17:58:13.019860 [info ] [MainThread]: Registered adapter: bigquery=1.8.2
[0m17:58:13.050678 [debug] [MainThread]: checksum: 2f2fb10c73cafe3e79aa104295a8244291492b32b5598ce46af770f7d0bd5194, vars: {}, profile: , target: , version: 1.8.6
[0m17:58:13.565491 [debug] [MainThread]: Partial parsing enabled: 0 files deleted, 0 files added, 0 files changed.
[0m17:58:13.567489 [debug] [MainThread]: Partial parsing enabled, no changes found, skipping parsing
[0m17:58:13.568568 [warn ] [MainThread]: [[33mWARNING[0m]: Configuration paths exist in your dbt_project.yml file which do not apply to any resources.
There are 1 unused configuration paths:
- models.superside_hr.staging
[0m17:58:13.593608 [debug] [MainThread]: Sending event: {'category': 'dbt', 'action': 'load_project', 'label': '7730cd94-f880-45c2-8eae-605b5870a4c3', 'context': [<snowplow_tracker.self_describing_json.SelfDescribingJson object at 0x000002930532D130>]}
[0m17:58:14.085094 [debug] [MainThread]: Sending event: {'category': 'dbt', 'action': 'resource_counts', 'label': '7730cd94-f880-45c2-8eae-605b5870a4c3', 'context': [<snowplow_tracker.self_describing_json.SelfDescribingJson object at 0x00000293040601C0>]}
[0m17:58:14.085094 [info ] [MainThread]: Found 476 macros
[0m17:58:14.085094 [debug] [MainThread]: Sending event: {'category': 'dbt', 'action': 'runnable_timing', 'label': '7730cd94-f880-45c2-8eae-605b5870a4c3', 'context': [<snowplow_tracker.self_describing_json.SelfDescribingJson object at 0x00000293051BBB20>]}
[0m17:58:14.085094 [info ] [MainThread]: 
[0m17:58:14.085094 [warn ] [MainThread]: Nothing to do. Try checking your model configs and model specification args
[0m17:58:14.102881 [debug] [MainThread]: Command end result
[0m17:58:14.168137 [debug] [MainThread]: Command `dbt run` succeeded at 17:58:14.168137 after 55.19 seconds
[0m17:58:14.168137 [debug] [MainThread]: Sending event: {'category': 'dbt', 'action': 'invocation', 'label': 'end', 'context': [<snowplow_tracker.self_describing_json.SelfDescribingJson object at 0x000002937CAE1C70>, <snowplow_tracker.self_describing_json.SelfDescribingJson object at 0x000002937CFFCE50>, <snowplow_tracker.self_describing_json.SelfDescribingJson object at 0x000002930366B490>]}
[0m17:58:14.168137 [debug] [MainThread]: Flushing usage events
[0m18:01:21.918483 [debug] [MainThread]: Sending event: {'category': 'dbt', 'action': 'invocation', 'label': 'start', 'context': [<snowplow_tracker.self_describing_json.SelfDescribingJson object at 0x000001F42DF71CA0>, <snowplow_tracker.self_describing_json.SelfDescribingJson object at 0x000001F430A31B50>, <snowplow_tracker.self_describing_json.SelfDescribingJson object at 0x000001F430A31DC0>]}


============================== 18:01:21.918483 | 3c45cf4a-d26b-41a3-96cb-0acd05f0f0af ==============================
[0m18:01:21.918483 [info ] [MainThread]: Running with dbt=1.8.6
[0m18:01:21.918483 [debug] [MainThread]: running dbt with arguments {'printer_width': '80', 'indirect_selection': 'eager', 'write_json': 'True', 'log_cache_events': 'False', 'partial_parse': 'True', 'cache_selected_only': 'False', 'profiles_dir': 'C:\\Users\\hp\\.dbt', 'debug': 'False', 'version_check': 'True', 'log_path': 'C:\\Users\\hp\\Desktop\\Superside_HR_Manager\\logs', 'warn_error': 'None', 'fail_fast': 'False', 'use_colors': 'True', 'use_experimental_parser': 'False', 'empty': 'False', 'quiet': 'False', 'no_print': 'None', 'warn_error_options': 'WarnErrorOptions(include=[], exclude=[])', 'static_parser': 'True', 'invocation_command': 'dbt run', 'log_format': 'default', 'target_path': 'None', 'introspect': 'True', 'send_anonymous_usage_stats': 'True'}
[0m18:01:25.518405 [debug] [MainThread]: Sending event: {'category': 'dbt', 'action': 'project_id', 'label': '3c45cf4a-d26b-41a3-96cb-0acd05f0f0af', 'context': [<snowplow_tracker.self_describing_json.SelfDescribingJson object at 0x000001F434A1FEE0>]}
[0m18:01:25.596526 [debug] [MainThread]: Sending event: {'category': 'dbt', 'action': 'adapter_info', 'label': '3c45cf4a-d26b-41a3-96cb-0acd05f0f0af', 'context': [<snowplow_tracker.self_describing_json.SelfDescribingJson object at 0x000001F434A2E430>]}
[0m18:01:25.596526 [info ] [MainThread]: Registered adapter: bigquery=1.8.2
[0m18:01:25.612125 [debug] [MainThread]: checksum: 2f2fb10c73cafe3e79aa104295a8244291492b32b5598ce46af770f7d0bd5194, vars: {}, profile: , target: , version: 1.8.6
[0m18:01:25.895224 [debug] [MainThread]: Partial parsing enabled: 0 files deleted, 0 files added, 0 files changed.
[0m18:01:25.895224 [debug] [MainThread]: Partial parsing enabled, no changes found, skipping parsing
[0m18:01:25.895224 [warn ] [MainThread]: [[33mWARNING[0m]: Configuration paths exist in your dbt_project.yml file which do not apply to any resources.
There are 1 unused configuration paths:
- models.superside_hr.staging
[0m18:01:25.910848 [debug] [MainThread]: Sending event: {'category': 'dbt', 'action': 'load_project', 'label': '3c45cf4a-d26b-41a3-96cb-0acd05f0f0af', 'context': [<snowplow_tracker.self_describing_json.SelfDescribingJson object at 0x000001F43679D130>]}
[0m18:01:26.142664 [debug] [MainThread]: Sending event: {'category': 'dbt', 'action': 'resource_counts', 'label': '3c45cf4a-d26b-41a3-96cb-0acd05f0f0af', 'context': [<snowplow_tracker.self_describing_json.SelfDescribingJson object at 0x000001F4354D8D90>]}
[0m18:01:26.142664 [info ] [MainThread]: Found 476 macros
[0m18:01:26.142664 [debug] [MainThread]: Sending event: {'category': 'dbt', 'action': 'runnable_timing', 'label': '3c45cf4a-d26b-41a3-96cb-0acd05f0f0af', 'context': [<snowplow_tracker.self_describing_json.SelfDescribingJson object at 0x000001F4354D8430>]}
[0m18:01:26.142664 [info ] [MainThread]: 
[0m18:01:26.154262 [warn ] [MainThread]: Nothing to do. Try checking your model configs and model specification args
[0m18:01:26.159664 [debug] [MainThread]: Command end result
[0m18:01:26.217717 [debug] [MainThread]: Command `dbt run` succeeded at 18:01:26.217717 after 4.41 seconds
[0m18:01:26.219720 [debug] [MainThread]: Sending event: {'category': 'dbt', 'action': 'invocation', 'label': 'end', 'context': [<snowplow_tracker.self_describing_json.SelfDescribingJson object at 0x000001F42DF71CA0>, <snowplow_tracker.self_describing_json.SelfDescribingJson object at 0x000001F435428BE0>, <snowplow_tracker.self_describing_json.SelfDescribingJson object at 0x000001F4354D8D90>]}
[0m18:01:26.220717 [debug] [MainThread]: Flushing usage events
[0m18:04:56.507655 [debug] [MainThread]: Sending event: {'category': 'dbt', 'action': 'invocation', 'label': 'start', 'context': [<snowplow_tracker.self_describing_json.SelfDescribingJson object at 0x00000106CF151C40>, <snowplow_tracker.self_describing_json.SelfDescribingJson object at 0x00000106D1C12AF0>, <snowplow_tracker.self_describing_json.SelfDescribingJson object at 0x00000106D1C12D60>]}


============================== 18:04:56.523282 | d743b907-e3f0-4110-ad54-ee3268408f42 ==============================
[0m18:04:56.523282 [info ] [MainThread]: Running with dbt=1.8.6
[0m18:04:56.523282 [debug] [MainThread]: running dbt with arguments {'printer_width': '80', 'indirect_selection': 'eager', 'write_json': 'True', 'log_cache_events': 'False', 'partial_parse': 'True', 'cache_selected_only': 'False', 'warn_error': 'None', 'version_check': 'True', 'fail_fast': 'False', 'log_path': 'C:\\Users\\hp\\Desktop\\Superside_HR_Manager\\logs', 'debug': 'False', 'profiles_dir': 'C:\\Users\\hp\\.dbt', 'use_colors': 'True', 'use_experimental_parser': 'False', 'empty': 'False', 'quiet': 'False', 'no_print': 'None', 'warn_error_options': 'WarnErrorOptions(include=[], exclude=[])', 'invocation_command': 'dbt run', 'log_format': 'default', 'static_parser': 'True', 'target_path': 'None', 'introspect': 'True', 'send_anonymous_usage_stats': 'True'}
[0m18:05:00.106477 [debug] [MainThread]: Sending event: {'category': 'dbt', 'action': 'project_id', 'label': 'd743b907-e3f0-4110-ad54-ee3268408f42', 'context': [<snowplow_tracker.self_describing_json.SelfDescribingJson object at 0x00000106D667CCA0>]}
[0m18:05:00.202305 [debug] [MainThread]: Sending event: {'category': 'dbt', 'action': 'adapter_info', 'label': 'd743b907-e3f0-4110-ad54-ee3268408f42', 'context': [<snowplow_tracker.self_describing_json.SelfDescribingJson object at 0x00000106D665DCA0>]}
[0m18:05:00.202305 [info ] [MainThread]: Registered adapter: bigquery=1.8.2
[0m18:05:00.205551 [debug] [MainThread]: checksum: 2f2fb10c73cafe3e79aa104295a8244291492b32b5598ce46af770f7d0bd5194, vars: {}, profile: , target: , version: 1.8.6
[0m18:05:00.489289 [debug] [MainThread]: Partial parsing enabled: 0 files deleted, 0 files added, 0 files changed.
[0m18:05:00.489289 [debug] [MainThread]: Partial parsing enabled, no changes found, skipping parsing
[0m18:05:00.489289 [warn ] [MainThread]: [[33mWARNING[0m]: Configuration paths exist in your dbt_project.yml file which do not apply to any resources.
There are 1 unused configuration paths:
- models.superside_hr.staging
[0m18:05:00.489289 [debug] [MainThread]: Sending event: {'category': 'dbt', 'action': 'load_project', 'label': 'd743b907-e3f0-4110-ad54-ee3268408f42', 'context': [<snowplow_tracker.self_describing_json.SelfDescribingJson object at 0x00000106D797D130>]}
[0m18:05:00.717945 [debug] [MainThread]: Sending event: {'category': 'dbt', 'action': 'resource_counts', 'label': 'd743b907-e3f0-4110-ad54-ee3268408f42', 'context': [<snowplow_tracker.self_describing_json.SelfDescribingJson object at 0x00000106D66AAA30>]}
[0m18:05:00.717945 [info ] [MainThread]: Found 476 macros
[0m18:05:00.717945 [debug] [MainThread]: Sending event: {'category': 'dbt', 'action': 'runnable_timing', 'label': 'd743b907-e3f0-4110-ad54-ee3268408f42', 'context': [<snowplow_tracker.self_describing_json.SelfDescribingJson object at 0x00000106D7958100>]}
[0m18:05:00.717945 [info ] [MainThread]: 
[0m18:05:00.717945 [warn ] [MainThread]: Nothing to do. Try checking your model configs and model specification args
[0m18:05:00.739147 [debug] [MainThread]: Command end result
[0m18:05:00.786398 [debug] [MainThread]: Command `dbt run` succeeded at 18:05:00.786398 after 4.40 seconds
[0m18:05:00.802326 [debug] [MainThread]: Sending event: {'category': 'dbt', 'action': 'invocation', 'label': 'end', 'context': [<snowplow_tracker.self_describing_json.SelfDescribingJson object at 0x00000106CF151C40>, <snowplow_tracker.self_describing_json.SelfDescribingJson object at 0x00000106D66B0BE0>, <snowplow_tracker.self_describing_json.SelfDescribingJson object at 0x00000106D66B09A0>]}
[0m18:05:00.804326 [debug] [MainThread]: Flushing usage events
[0m18:06:09.925050 [debug] [MainThread]: Sending event: {'category': 'dbt', 'action': 'invocation', 'label': 'start', 'context': [<snowplow_tracker.self_describing_json.SelfDescribingJson object at 0x00000241D3DE2C40>, <snowplow_tracker.self_describing_json.SelfDescribingJson object at 0x00000241D68A1AF0>, <snowplow_tracker.self_describing_json.SelfDescribingJson object at 0x00000241D68A1D60>]}


============================== 18:06:09.925050 | 1f8bb220-6ce2-4fc0-929d-b33364de7820 ==============================
[0m18:06:09.925050 [info ] [MainThread]: Running with dbt=1.8.6
[0m18:06:09.940677 [debug] [MainThread]: running dbt with arguments {'printer_width': '80', 'indirect_selection': 'eager', 'log_cache_events': 'False', 'write_json': 'True', 'partial_parse': 'True', 'cache_selected_only': 'False', 'warn_error': 'None', 'debug': 'False', 'profiles_dir': 'C:\\Users\\hp\\.dbt', 'log_path': 'C:\\Users\\hp\\Desktop\\Superside_HR_Manager\\logs', 'fail_fast': 'False', 'version_check': 'True', 'use_colors': 'True', 'use_experimental_parser': 'False', 'no_print': 'None', 'quiet': 'False', 'empty': 'False', 'log_format': 'default', 'introspect': 'True', 'invocation_command': 'dbt run', 'warn_error_options': 'WarnErrorOptions(include=[], exclude=[])', 'target_path': 'None', 'static_parser': 'True', 'send_anonymous_usage_stats': 'True'}
[0m18:06:13.427800 [debug] [MainThread]: Sending event: {'category': 'dbt', 'action': 'project_id', 'label': '1f8bb220-6ce2-4fc0-929d-b33364de7820', 'context': [<snowplow_tracker.self_describing_json.SelfDescribingJson object at 0x00000241DB30CCA0>]}
[0m18:06:13.505921 [debug] [MainThread]: Sending event: {'category': 'dbt', 'action': 'adapter_info', 'label': '1f8bb220-6ce2-4fc0-929d-b33364de7820', 'context': [<snowplow_tracker.self_describing_json.SelfDescribingJson object at 0x00000241DB2EDCA0>]}
[0m18:06:13.505921 [info ] [MainThread]: Registered adapter: bigquery=1.8.2
[0m18:06:13.521524 [debug] [MainThread]: checksum: 2f2fb10c73cafe3e79aa104295a8244291492b32b5598ce46af770f7d0bd5194, vars: {}, profile: , target: , version: 1.8.6
[0m18:06:13.815255 [debug] [MainThread]: Partial parsing enabled: 0 files deleted, 0 files added, 0 files changed.
[0m18:06:13.815255 [debug] [MainThread]: Partial parsing enabled, no changes found, skipping parsing
[0m18:06:13.830879 [warn ] [MainThread]: [[33mWARNING[0m]: Configuration paths exist in your dbt_project.yml file which do not apply to any resources.
There are 1 unused configuration paths:
- models.superside_hr.staging
[0m18:06:13.850411 [debug] [MainThread]: Sending event: {'category': 'dbt', 'action': 'load_project', 'label': '1f8bb220-6ce2-4fc0-929d-b33364de7820', 'context': [<snowplow_tracker.self_describing_json.SelfDescribingJson object at 0x00000241DC60D130>]}
[0m18:06:14.064607 [debug] [MainThread]: Sending event: {'category': 'dbt', 'action': 'resource_counts', 'label': '1f8bb220-6ce2-4fc0-929d-b33364de7820', 'context': [<snowplow_tracker.self_describing_json.SelfDescribingJson object at 0x00000241DB33AA30>]}
[0m18:06:14.064607 [info ] [MainThread]: Found 476 macros
[0m18:06:14.064607 [debug] [MainThread]: Sending event: {'category': 'dbt', 'action': 'runnable_timing', 'label': '1f8bb220-6ce2-4fc0-929d-b33364de7820', 'context': [<snowplow_tracker.self_describing_json.SelfDescribingJson object at 0x00000241DC5E9100>]}
[0m18:06:14.080213 [info ] [MainThread]: 
[0m18:06:14.085875 [warn ] [MainThread]: Nothing to do. Try checking your model configs and model specification args
[0m18:06:14.092678 [debug] [MainThread]: Command end result
[0m18:06:14.156015 [debug] [MainThread]: Command `dbt run` succeeded at 18:06:14.156015 after 4.34 seconds
[0m18:06:14.157015 [debug] [MainThread]: Sending event: {'category': 'dbt', 'action': 'invocation', 'label': 'end', 'context': [<snowplow_tracker.self_describing_json.SelfDescribingJson object at 0x00000241D3DE2C40>, <snowplow_tracker.self_describing_json.SelfDescribingJson object at 0x00000241DB340BE0>, <snowplow_tracker.self_describing_json.SelfDescribingJson object at 0x00000241DB3409A0>]}
[0m18:06:14.158015 [debug] [MainThread]: Flushing usage events
[0m18:56:35.274137 [debug] [MainThread]: Sending event: {'category': 'dbt', 'action': 'invocation', 'label': 'start', 'context': [<snowplow_tracker.self_describing_json.SelfDescribingJson object at 0x000002C4DB4A1C10>, <snowplow_tracker.self_describing_json.SelfDescribingJson object at 0x000002C4DDF61B50>, <snowplow_tracker.self_describing_json.SelfDescribingJson object at 0x000002C4DDF61D90>]}


============================== 18:56:35.274137 | a0cdb60d-1cdf-4157-909a-03d4be3200fa ==============================
[0m18:56:35.274137 [info ] [MainThread]: Running with dbt=1.8.6
[0m18:56:35.274137 [debug] [MainThread]: running dbt with arguments {'printer_width': '80', 'indirect_selection': 'eager', 'log_cache_events': 'False', 'write_json': 'True', 'partial_parse': 'True', 'cache_selected_only': 'False', 'profiles_dir': 'C:\\Users\\hp\\.dbt', 'fail_fast': 'False', 'version_check': 'True', 'log_path': 'C:\\Users\\hp\\Desktop\\Superside_HR_Manager\\logs', 'debug': 'False', 'warn_error': 'None', 'use_colors': 'True', 'use_experimental_parser': 'False', 'empty': 'False', 'quiet': 'False', 'no_print': 'None', 'log_format': 'default', 'static_parser': 'True', 'introspect': 'True', 'invocation_command': 'dbt run', 'target_path': 'None', 'warn_error_options': 'WarnErrorOptions(include=[], exclude=[])', 'send_anonymous_usage_stats': 'True'}
[0m18:56:38.827423 [debug] [MainThread]: Sending event: {'category': 'dbt', 'action': 'project_id', 'label': 'a0cdb60d-1cdf-4157-909a-03d4be3200fa', 'context': [<snowplow_tracker.self_describing_json.SelfDescribingJson object at 0x000002C4DB884100>]}
[0m18:56:38.921167 [debug] [MainThread]: Sending event: {'category': 'dbt', 'action': 'adapter_info', 'label': 'a0cdb60d-1cdf-4157-909a-03d4be3200fa', 'context': [<snowplow_tracker.self_describing_json.SelfDescribingJson object at 0x000002C4DDF3F1F0>]}
[0m18:56:38.921167 [info ] [MainThread]: Registered adapter: bigquery=1.8.2
[0m18:56:38.945538 [debug] [MainThread]: checksum: 2f2fb10c73cafe3e79aa104295a8244291492b32b5598ce46af770f7d0bd5194, vars: {}, profile: , target: , version: 1.8.6
[0m18:56:39.219874 [debug] [MainThread]: Partial parsing enabled: 0 files deleted, 0 files added, 0 files changed.
[0m18:56:39.219874 [debug] [MainThread]: Partial parsing enabled, no changes found, skipping parsing
[0m18:56:39.235478 [warn ] [MainThread]: [[33mWARNING[0m]: Configuration paths exist in your dbt_project.yml file which do not apply to any resources.
There are 1 unused configuration paths:
- models.superside_hr.staging
[0m18:56:39.235478 [debug] [MainThread]: Sending event: {'category': 'dbt', 'action': 'load_project', 'label': 'a0cdb60d-1cdf-4157-909a-03d4be3200fa', 'context': [<snowplow_tracker.self_describing_json.SelfDescribingJson object at 0x000002C4E3CCD130>]}
[0m18:56:39.452351 [debug] [MainThread]: Sending event: {'category': 'dbt', 'action': 'resource_counts', 'label': 'a0cdb60d-1cdf-4157-909a-03d4be3200fa', 'context': [<snowplow_tracker.self_describing_json.SelfDescribingJson object at 0x000002C4E294DF70>]}
[0m18:56:39.452351 [info ] [MainThread]: Found 476 macros
[0m18:56:39.452351 [debug] [MainThread]: Sending event: {'category': 'dbt', 'action': 'runnable_timing', 'label': 'a0cdb60d-1cdf-4157-909a-03d4be3200fa', 'context': [<snowplow_tracker.self_describing_json.SelfDescribingJson object at 0x000002C4E2958FA0>]}
[0m18:56:39.467972 [info ] [MainThread]: 
[0m18:56:39.467972 [warn ] [MainThread]: Nothing to do. Try checking your model configs and model specification args
[0m18:56:39.478721 [debug] [MainThread]: Command end result
[0m18:56:39.534436 [debug] [MainThread]: Command `dbt run` succeeded at 18:56:39.534436 after 4.40 seconds
[0m18:56:39.535435 [debug] [MainThread]: Sending event: {'category': 'dbt', 'action': 'invocation', 'label': 'end', 'context': [<snowplow_tracker.self_describing_json.SelfDescribingJson object at 0x000002C4DB4A1C10>, <snowplow_tracker.self_describing_json.SelfDescribingJson object at 0x000002C4DD38C940>, <snowplow_tracker.self_describing_json.SelfDescribingJson object at 0x000002C4DDFB99D0>]}
[0m18:56:39.536435 [debug] [MainThread]: Flushing usage events
[0m19:10:40.426427 [debug] [MainThread]: Sending event: {'category': 'dbt', 'action': 'invocation', 'label': 'start', 'context': [<snowplow_tracker.self_describing_json.SelfDescribingJson object at 0x0000025720FC1BE0>, <snowplow_tracker.self_describing_json.SelfDescribingJson object at 0x0000025723A81BB0>, <snowplow_tracker.self_describing_json.SelfDescribingJson object at 0x0000025723A81E50>]}


============================== 19:10:40.442068 | 643da6ab-729d-4dd8-9893-e20200ee2336 ==============================
[0m19:10:40.442068 [info ] [MainThread]: Running with dbt=1.8.6
[0m19:10:40.442068 [debug] [MainThread]: running dbt with arguments {'printer_width': '80', 'indirect_selection': 'eager', 'log_cache_events': 'False', 'write_json': 'True', 'partial_parse': 'True', 'cache_selected_only': 'False', 'warn_error': 'None', 'debug': 'False', 'fail_fast': 'False', 'log_path': 'C:\\Users\\hp\\Desktop\\Superside_HR_Manager\\logs', 'version_check': 'True', 'profiles_dir': 'C:\\Users\\hp\\.dbt', 'use_colors': 'True', 'use_experimental_parser': 'False', 'no_print': 'None', 'quiet': 'False', 'empty': 'None', 'log_format': 'default', 'static_parser': 'True', 'invocation_command': 'dbt deps', 'warn_error_options': 'WarnErrorOptions(include=[], exclude=[])', 'target_path': 'None', 'introspect': 'True', 'send_anonymous_usage_stats': 'True'}
[0m19:10:40.831274 [debug] [MainThread]: Sending event: {'category': 'dbt', 'action': 'project_id', 'label': '643da6ab-729d-4dd8-9893-e20200ee2336', 'context': [<snowplow_tracker.self_describing_json.SelfDescribingJson object at 0x0000025723A81EB0>]}
[0m19:10:41.221849 [info ] [MainThread]: Warning: No packages were found in packages.yml
[0m19:10:41.221849 [info ] [MainThread]: Warning: No packages were found in packages.yml
[0m19:10:41.221849 [debug] [MainThread]: Command `dbt deps` succeeded at 19:10:41.221849 after 0.91 seconds
[0m19:10:41.221849 [debug] [MainThread]: Sending event: {'category': 'dbt', 'action': 'invocation', 'label': 'end', 'context': [<snowplow_tracker.self_describing_json.SelfDescribingJson object at 0x0000025720FC1BE0>, <snowplow_tracker.self_describing_json.SelfDescribingJson object at 0x0000025723A81E50>, <snowplow_tracker.self_describing_json.SelfDescribingJson object at 0x0000025723BA2460>]}
[0m19:10:41.221849 [debug] [MainThread]: Flushing usage events
[0m19:11:17.046773 [debug] [MainThread]: Sending event: {'category': 'dbt', 'action': 'invocation', 'label': 'start', 'context': [<snowplow_tracker.self_describing_json.SelfDescribingJson object at 0x0000015525D81BE0>, <snowplow_tracker.self_describing_json.SelfDescribingJson object at 0x0000015528842B20>, <snowplow_tracker.self_describing_json.SelfDescribingJson object at 0x0000015528842D90>]}


============================== 19:11:17.062397 | eb2d5ac2-fb7c-4690-9d75-fc8e216de38c ==============================
[0m19:11:17.062397 [info ] [MainThread]: Running with dbt=1.8.6
[0m19:11:17.062397 [debug] [MainThread]: running dbt with arguments {'printer_width': '80', 'indirect_selection': 'eager', 'write_json': 'True', 'log_cache_events': 'False', 'partial_parse': 'True', 'cache_selected_only': 'False', 'warn_error': 'None', 'fail_fast': 'False', 'version_check': 'True', 'log_path': 'C:\\Users\\hp\\Desktop\\Superside_HR_Manager\\logs', 'profiles_dir': 'C:\\Users\\hp\\.dbt', 'debug': 'False', 'use_colors': 'True', 'use_experimental_parser': 'False', 'empty': 'False', 'quiet': 'False', 'no_print': 'None', 'log_format': 'default', 'static_parser': 'True', 'warn_error_options': 'WarnErrorOptions(include=[], exclude=[])', 'invocation_command': 'dbt build', 'target_path': 'None', 'introspect': 'True', 'send_anonymous_usage_stats': 'True'}
[0m19:11:20.680550 [debug] [MainThread]: Sending event: {'category': 'dbt', 'action': 'project_id', 'label': 'eb2d5ac2-fb7c-4690-9d75-fc8e216de38c', 'context': [<snowplow_tracker.self_describing_json.SelfDescribingJson object at 0x0000015526164880>]}
[0m19:11:20.758671 [debug] [MainThread]: Sending event: {'category': 'dbt', 'action': 'adapter_info', 'label': 'eb2d5ac2-fb7c-4690-9d75-fc8e216de38c', 'context': [<snowplow_tracker.self_describing_json.SelfDescribingJson object at 0x000001552D28EA00>]}
[0m19:11:20.774295 [info ] [MainThread]: Registered adapter: bigquery=1.8.2
[0m19:11:20.796656 [debug] [MainThread]: checksum: 2f2fb10c73cafe3e79aa104295a8244291492b32b5598ce46af770f7d0bd5194, vars: {}, profile: , target: , version: 1.8.6
[0m19:11:21.087818 [debug] [MainThread]: Partial parsing enabled: 0 files deleted, 0 files added, 0 files changed.
[0m19:11:21.087818 [debug] [MainThread]: Partial parsing enabled, no changes found, skipping parsing
[0m19:11:21.087818 [warn ] [MainThread]: [[33mWARNING[0m]: Configuration paths exist in your dbt_project.yml file which do not apply to any resources.
There are 1 unused configuration paths:
- models.superside_hr.staging
[0m19:11:21.087818 [debug] [MainThread]: Sending event: {'category': 'dbt', 'action': 'load_project', 'label': 'eb2d5ac2-fb7c-4690-9d75-fc8e216de38c', 'context': [<snowplow_tracker.self_describing_json.SelfDescribingJson object at 0x000001552E5B0130>]}
[0m19:11:21.650416 [debug] [MainThread]: Sending event: {'category': 'dbt', 'action': 'resource_counts', 'label': 'eb2d5ac2-fb7c-4690-9d75-fc8e216de38c', 'context': [<snowplow_tracker.self_describing_json.SelfDescribingJson object at 0x000001552E5B08E0>]}
[0m19:11:21.650416 [info ] [MainThread]: Found 476 macros
[0m19:11:21.665990 [info ] [MainThread]: 
[0m19:11:21.672385 [warn ] [MainThread]: Nothing to do. Try checking your model configs and model specification args
[0m19:11:21.677662 [debug] [MainThread]: Command end result
[0m19:11:21.736777 [debug] [MainThread]: Command `dbt build` succeeded at 19:11:21.736539 after 4.79 seconds
[0m19:11:21.738778 [debug] [MainThread]: Sending event: {'category': 'dbt', 'action': 'invocation', 'label': 'end', 'context': [<snowplow_tracker.self_describing_json.SelfDescribingJson object at 0x0000015525D81BE0>, <snowplow_tracker.self_describing_json.SelfDescribingJson object at 0x000001552D28EA00>, <snowplow_tracker.self_describing_json.SelfDescribingJson object at 0x000001552C911D30>]}
[0m19:11:21.739777 [debug] [MainThread]: Flushing usage events
[0m19:11:32.577414 [debug] [MainThread]: Sending event: {'category': 'dbt', 'action': 'invocation', 'label': 'start', 'context': [<snowplow_tracker.self_describing_json.SelfDescribingJson object at 0x000001A812921BE0>, <snowplow_tracker.self_describing_json.SelfDescribingJson object at 0x000001A8153E0BB0>, <snowplow_tracker.self_describing_json.SelfDescribingJson object at 0x000001A8153E0E50>]}


============================== 19:11:32.577414 | d8df2153-9cf3-4331-8219-8ee1205f80cd ==============================
[0m19:11:32.577414 [info ] [MainThread]: Running with dbt=1.8.6
[0m19:11:32.577414 [debug] [MainThread]: running dbt with arguments {'printer_width': '80', 'indirect_selection': 'eager', 'log_cache_events': 'False', 'write_json': 'True', 'partial_parse': 'True', 'cache_selected_only': 'False', 'profiles_dir': 'C:\\Users\\hp\\.dbt', 'fail_fast': 'False', 'warn_error': 'None', 'log_path': 'C:\\Users\\hp\\Desktop\\Superside_HR_Manager\\logs', 'debug': 'False', 'version_check': 'True', 'use_colors': 'True', 'use_experimental_parser': 'False', 'no_print': 'None', 'quiet': 'False', 'empty': 'None', 'log_format': 'default', 'static_parser': 'True', 'invocation_command': 'dbt debug', 'warn_error_options': 'WarnErrorOptions(include=[], exclude=[])', 'target_path': 'None', 'introspect': 'True', 'send_anonymous_usage_stats': 'True'}
[0m19:11:32.665201 [info ] [MainThread]: dbt version: 1.8.6
[0m19:11:32.665201 [info ] [MainThread]: python version: 3.9.19
[0m19:11:32.665201 [info ] [MainThread]: python path: C:\Users\hp\anaconda3\python.exe
[0m19:11:32.665201 [info ] [MainThread]: os info: Windows-10-10.0.19045-SP0
[0m19:11:35.863793 [info ] [MainThread]: Using profiles dir at C:\Users\hp\.dbt
[0m19:11:35.863793 [info ] [MainThread]: Using profiles.yml file at C:\Users\hp\.dbt\profiles.yml
[0m19:11:35.863793 [info ] [MainThread]: Using dbt_project.yml file at C:\Users\hp\Desktop\Superside_HR_Manager\dbt_project.yml
[0m19:11:35.879895 [info ] [MainThread]: adapter type: bigquery
[0m19:11:35.883192 [info ] [MainThread]: adapter version: 1.8.2
[0m19:11:36.071156 [info ] [MainThread]: Configuration:
[0m19:11:36.071156 [info ] [MainThread]:   profiles.yml file [[32mOK found and valid[0m]
[0m19:11:36.071156 [info ] [MainThread]:   dbt_project.yml file [[32mOK found and valid[0m]
[0m19:11:36.071156 [info ] [MainThread]: Required dependencies:
[0m19:11:36.081849 [debug] [MainThread]: Executing "git --help"
[0m19:11:36.191464 [debug] [MainThread]: STDOUT: "b"usage: git [-v | --version] [-h | --help] [-C <path>] [-c <name>=<value>]\n           [--exec-path[=<path>]] [--html-path] [--man-path] [--info-path]\n           [-p | --paginate | -P | --no-pager] [--no-replace-objects] [--bare]\n           [--git-dir=<path>] [--work-tree=<path>] [--namespace=<name>]\n           [--config-env=<name>=<envvar>] <command> [<args>]\n\nThese are common Git commands used in various situations:\n\nstart a working area (see also: git help tutorial)\n   clone     Clone a repository into a new directory\n   init      Create an empty Git repository or reinitialize an existing one\n\nwork on the current change (see also: git help everyday)\n   add       Add file contents to the index\n   mv        Move or rename a file, a directory, or a symlink\n   restore   Restore working tree files\n   rm        Remove files from the working tree and from the index\n\nexamine the history and state (see also: git help revisions)\n   bisect    Use binary search to find the commit that introduced a bug\n   diff      Show changes between commits, commit and working tree, etc\n   grep      Print lines matching a pattern\n   log       Show commit logs\n   show      Show various types of objects\n   status    Show the working tree status\n\ngrow, mark and tweak your common history\n   branch    List, create, or delete branches\n   commit    Record changes to the repository\n   merge     Join two or more development histories together\n   rebase    Reapply commits on top of another base tip\n   reset     Reset current HEAD to the specified state\n   switch    Switch branches\n   tag       Create, list, delete or verify a tag object signed with GPG\n\ncollaborate (see also: git help workflows)\n   fetch     Download objects and refs from another repository\n   pull      Fetch from and integrate with another repository or a local branch\n   push      Update remote refs along with associated objects\n\n'git help -a' and 'git help -g' list available subcommands and some\nconcept guides. See 'git help <command>' or 'git help <concept>'\nto read about a specific subcommand or concept.\nSee 'git help git' for an overview of the system.\n""
[0m19:11:36.191464 [debug] [MainThread]: STDERR: "b''"
[0m19:11:36.191464 [info ] [MainThread]:  - git [[32mOK found[0m]

[0m19:11:36.191464 [info ] [MainThread]: Connection:
[0m19:11:36.191464 [info ] [MainThread]:   method: oauth
[0m19:11:36.207108 [info ] [MainThread]:   database: glass-mantra-128509
[0m19:11:36.209115 [info ] [MainThread]:   execution_project: glass-mantra-128509
[0m19:11:36.210789 [info ] [MainThread]:   schema: superside_hr
[0m19:11:36.213376 [info ] [MainThread]:   location: EU
[0m19:11:36.215399 [info ] [MainThread]:   priority: interactive
[0m19:11:36.217524 [info ] [MainThread]:   maximum_bytes_billed: None
[0m19:11:36.220049 [info ] [MainThread]:   impersonate_service_account: None
[0m19:11:36.220892 [info ] [MainThread]:   job_retry_deadline_seconds: None
[0m19:11:36.222932 [info ] [MainThread]:   job_retries: 1
[0m19:11:36.226198 [info ] [MainThread]:   job_creation_timeout_seconds: None
[0m19:11:36.231748 [info ] [MainThread]:   job_execution_timeout_seconds: 300
[0m19:11:36.234746 [info ] [MainThread]:   timeout_seconds: 300
[0m19:11:36.236747 [info ] [MainThread]:   client_id: None
[0m19:11:36.237783 [info ] [MainThread]:   token_uri: None
[0m19:11:36.244822 [info ] [MainThread]:   dataproc_region: None
[0m19:11:36.247401 [info ] [MainThread]:   dataproc_cluster_name: None
[0m19:11:36.250713 [info ] [MainThread]:   gcs_bucket: None
[0m19:11:36.252580 [info ] [MainThread]:   dataproc_batch: None
[0m19:11:36.254915 [info ] [MainThread]: Registered adapter: bigquery=1.8.2
[0m19:11:36.258488 [debug] [MainThread]: Acquiring new bigquery connection 'debug'
[0m19:11:36.262128 [debug] [MainThread]: Opening a new connection, currently in state init
[0m19:11:48.574854 [debug] [MainThread]: BigQuery adapter: Got an error when attempting to create a bigquery client: 'Runtime Error
  Failed to authenticate with supplied credentials
  error:
  Your default credentials were not found. To set up Application Default Credentials, see https://cloud.google.com/docs/authentication/external/set-up-adc for more information.'
[0m19:11:48.574854 [info ] [MainThread]:   Connection test: [[31mERROR[0m]

[0m19:11:48.574854 [info ] [MainThread]: [31m1 check failed:[0m
[0m19:11:48.574854 [info ] [MainThread]: dbt was unable to connect to the specified database.
The database returned the following error:

  >Database Error
  Runtime Error
    Failed to authenticate with supplied credentials
    error:
    Your default credentials were not found. To set up Application Default Credentials, see https://cloud.google.com/docs/authentication/external/set-up-adc for more information.

Check your database credentials and try again. For more information, visit:
https://docs.getdbt.com/docs/configure-your-profile


[0m19:11:48.587928 [debug] [MainThread]: Command `dbt debug` failed at 19:11:48.587928 after 16.12 seconds
[0m19:11:48.589789 [debug] [MainThread]: Connection 'debug' was properly closed.
[0m19:11:48.589789 [debug] [MainThread]: Sending event: {'category': 'dbt', 'action': 'invocation', 'label': 'end', 'context': [<snowplow_tracker.self_describing_json.SelfDescribingJson object at 0x000001A812921BE0>, <snowplow_tracker.self_describing_json.SelfDescribingJson object at 0x000001A819FC34C0>, <snowplow_tracker.self_describing_json.SelfDescribingJson object at 0x000001A819F85610>]}
[0m19:11:48.594160 [debug] [MainThread]: Flushing usage events
[0m11:26:59.660589 [debug] [MainThread]: Sending event: {'category': 'dbt', 'action': 'invocation', 'label': 'start', 'context': [<snowplow_tracker.self_describing_json.SelfDescribingJson object at 0x00000122BD931C10>, <snowplow_tracker.self_describing_json.SelfDescribingJson object at 0x00000122C03F0B50>, <snowplow_tracker.self_describing_json.SelfDescribingJson object at 0x00000122C03F0D90>]}


============================== 11:26:59.689668 | ddb854d3-885a-4041-ae2e-ae48cee5c440 ==============================
[0m11:26:59.689668 [info ] [MainThread]: Running with dbt=1.8.6
[0m11:26:59.691994 [debug] [MainThread]: running dbt with arguments {'printer_width': '80', 'indirect_selection': 'eager', 'write_json': 'True', 'log_cache_events': 'False', 'partial_parse': 'True', 'cache_selected_only': 'False', 'warn_error': 'None', 'version_check': 'True', 'profiles_dir': 'C:\\Users\\hp\\.dbt', 'log_path': 'C:\\Users\\hp\\Desktop\\Superside_HR_Manager\\logs', 'debug': 'False', 'fail_fast': 'False', 'use_colors': 'True', 'use_experimental_parser': 'False', 'empty': 'False', 'quiet': 'False', 'no_print': 'None', 'log_format': 'default', 'introspect': 'True', 'warn_error_options': 'WarnErrorOptions(include=[], exclude=[])', 'static_parser': 'True', 'target_path': 'None', 'invocation_command': 'dbt run', 'send_anonymous_usage_stats': 'True'}
[0m11:27:03.544740 [debug] [MainThread]: Sending event: {'category': 'dbt', 'action': 'project_id', 'label': 'ddb854d3-885a-4041-ae2e-ae48cee5c440', 'context': [<snowplow_tracker.self_describing_json.SelfDescribingJson object at 0x00000122BDD14100>]}
[0m11:27:03.632692 [debug] [MainThread]: Sending event: {'category': 'dbt', 'action': 'adapter_info', 'label': 'ddb854d3-885a-4041-ae2e-ae48cee5c440', 'context': [<snowplow_tracker.self_describing_json.SelfDescribingJson object at 0x00000122C03CE1F0>]}
[0m11:27:03.634692 [info ] [MainThread]: Registered adapter: bigquery=1.8.2
[0m11:27:03.651094 [debug] [MainThread]: checksum: 2f2fb10c73cafe3e79aa104295a8244291492b32b5598ce46af770f7d0bd5194, vars: {}, profile: , target: , version: 1.8.6
[0m11:27:03.943423 [debug] [MainThread]: Partial parsing enabled: 0 files deleted, 0 files added, 0 files changed.
[0m11:27:03.944423 [debug] [MainThread]: Partial parsing enabled, no changes found, skipping parsing
[0m11:27:03.945423 [warn ] [MainThread]: [[33mWARNING[0m]: Configuration paths exist in your dbt_project.yml file which do not apply to any resources.
There are 1 unused configuration paths:
- models.superside_hr.staging
[0m11:27:03.955319 [debug] [MainThread]: Sending event: {'category': 'dbt', 'action': 'load_project', 'label': 'ddb854d3-885a-4041-ae2e-ae48cee5c440', 'context': [<snowplow_tracker.self_describing_json.SelfDescribingJson object at 0x00000122C615C130>]}
[0m11:27:04.219192 [debug] [MainThread]: Sending event: {'category': 'dbt', 'action': 'resource_counts', 'label': 'ddb854d3-885a-4041-ae2e-ae48cee5c440', 'context': [<snowplow_tracker.self_describing_json.SelfDescribingJson object at 0x00000122C4DDD0A0>]}
[0m11:27:04.221190 [info ] [MainThread]: Found 476 macros
[0m11:27:04.224192 [debug] [MainThread]: Sending event: {'category': 'dbt', 'action': 'runnable_timing', 'label': 'ddb854d3-885a-4041-ae2e-ae48cee5c440', 'context': [<snowplow_tracker.self_describing_json.SelfDescribingJson object at 0x00000122C4DE8520>]}
[0m11:27:04.227192 [info ] [MainThread]: 
[0m11:27:04.230187 [warn ] [MainThread]: Nothing to do. Try checking your model configs and model specification args
[0m11:27:04.238183 [debug] [MainThread]: Command end result
[0m11:27:04.312144 [debug] [MainThread]: Command `dbt run` succeeded at 11:27:04.312144 after 4.81 seconds
[0m11:27:04.313160 [debug] [MainThread]: Sending event: {'category': 'dbt', 'action': 'invocation', 'label': 'end', 'context': [<snowplow_tracker.self_describing_json.SelfDescribingJson object at 0x00000122BD931C10>, <snowplow_tracker.self_describing_json.SelfDescribingJson object at 0x00000122C04499D0>, <snowplow_tracker.self_describing_json.SelfDescribingJson object at 0x00000122C41B1FA0>]}
[0m11:27:04.316136 [debug] [MainThread]: Flushing usage events
[0m11:31:58.310973 [debug] [MainThread]: Sending event: {'category': 'dbt', 'action': 'invocation', 'label': 'start', 'context': [<snowplow_tracker.self_describing_json.SelfDescribingJson object at 0x000001FDBD2B4B80>, <snowplow_tracker.self_describing_json.SelfDescribingJson object at 0x000001FDBDC1FFA0>, <snowplow_tracker.self_describing_json.SelfDescribingJson object at 0x000001FDBFD72CD0>]}


============================== 11:31:58.316696 | f674f8f7-a176-45a1-ac06-a2c25a310458 ==============================
[0m11:31:58.316696 [info ] [MainThread]: Running with dbt=1.8.6
[0m11:31:58.319342 [debug] [MainThread]: running dbt with arguments {'printer_width': '80', 'indirect_selection': 'eager', 'write_json': 'True', 'log_cache_events': 'False', 'partial_parse': 'True', 'cache_selected_only': 'False', 'warn_error': 'None', 'version_check': 'True', 'debug': 'False', 'log_path': 'C:\\Users\\hp\\Desktop\\Superside_HR_Manager\\logs', 'profiles_dir': 'C:\\Users\\hp\\.dbt', 'fail_fast': 'False', 'use_colors': 'True', 'use_experimental_parser': 'False', 'empty': 'False', 'quiet': 'False', 'no_print': 'None', 'log_format': 'default', 'invocation_command': 'dbt run', 'static_parser': 'True', 'introspect': 'True', 'target_path': 'None', 'warn_error_options': 'WarnErrorOptions(include=[], exclude=[])', 'send_anonymous_usage_stats': 'True'}
[0m11:32:01.866390 [debug] [MainThread]: Sending event: {'category': 'dbt', 'action': 'project_id', 'label': 'f674f8f7-a176-45a1-ac06-a2c25a310458', 'context': [<snowplow_tracker.self_describing_json.SelfDescribingJson object at 0x000001FDBD6943A0>]}
[0m11:32:01.954339 [debug] [MainThread]: Sending event: {'category': 'dbt', 'action': 'adapter_info', 'label': 'f674f8f7-a176-45a1-ac06-a2c25a310458', 'context': [<snowplow_tracker.self_describing_json.SelfDescribingJson object at 0x000001FDBCE854C0>]}
[0m11:32:01.956337 [info ] [MainThread]: Registered adapter: bigquery=1.8.2
[0m11:32:01.978083 [debug] [MainThread]: checksum: 2f2fb10c73cafe3e79aa104295a8244291492b32b5598ce46af770f7d0bd5194, vars: {}, profile: , target: , version: 1.8.6
[0m11:32:02.262986 [debug] [MainThread]: Partial parsing enabled: 0 files deleted, 0 files added, 0 files changed.
[0m11:32:02.263987 [debug] [MainThread]: Partial parsing enabled, no changes found, skipping parsing
[0m11:32:02.264987 [warn ] [MainThread]: [[33mWARNING[0m]: Configuration paths exist in your dbt_project.yml file which do not apply to any resources.
There are 1 unused configuration paths:
- models.staging
[0m11:32:02.278511 [debug] [MainThread]: Sending event: {'category': 'dbt', 'action': 'load_project', 'label': 'f674f8f7-a176-45a1-ac06-a2c25a310458', 'context': [<snowplow_tracker.self_describing_json.SelfDescribingJson object at 0x000001FDC5ADBFD0>]}
[0m11:32:02.506894 [debug] [MainThread]: Sending event: {'category': 'dbt', 'action': 'resource_counts', 'label': 'f674f8f7-a176-45a1-ac06-a2c25a310458', 'context': [<snowplow_tracker.self_describing_json.SelfDescribingJson object at 0x000001FDC48422B0>]}
[0m11:32:02.508894 [info ] [MainThread]: Found 476 macros
[0m11:32:02.510892 [debug] [MainThread]: Sending event: {'category': 'dbt', 'action': 'runnable_timing', 'label': 'f674f8f7-a176-45a1-ac06-a2c25a310458', 'context': [<snowplow_tracker.self_describing_json.SelfDescribingJson object at 0x000001FDC5ADB580>]}
[0m11:32:02.513890 [info ] [MainThread]: 
[0m11:32:02.516889 [warn ] [MainThread]: Nothing to do. Try checking your model configs and model specification args
[0m11:32:02.523885 [debug] [MainThread]: Command end result
[0m11:32:02.589849 [debug] [MainThread]: Command `dbt run` succeeded at 11:32:02.588847 after 4.39 seconds
[0m11:32:02.590848 [debug] [MainThread]: Sending event: {'category': 'dbt', 'action': 'invocation', 'label': 'end', 'context': [<snowplow_tracker.self_describing_json.SelfDescribingJson object at 0x000001FDBD2B4B80>, <snowplow_tracker.self_describing_json.SelfDescribingJson object at 0x000001FDBFDCA3D0>, <snowplow_tracker.self_describing_json.SelfDescribingJson object at 0x000001FDC468F520>]}
[0m11:32:02.591848 [debug] [MainThread]: Flushing usage events
[0m11:32:44.442073 [debug] [MainThread]: Sending event: {'category': 'dbt', 'action': 'invocation', 'label': 'start', 'context': [<snowplow_tracker.self_describing_json.SelfDescribingJson object at 0x000002080C821BB0>, <snowplow_tracker.self_describing_json.SelfDescribingJson object at 0x000002080F2E1C10>, <snowplow_tracker.self_describing_json.SelfDescribingJson object at 0x000002080F2E1EE0>]}


============================== 11:32:44.449069 | eb218a07-e613-4d52-a616-f36e3eda36ab ==============================
[0m11:32:44.449069 [info ] [MainThread]: Running with dbt=1.8.6
[0m11:32:44.451067 [debug] [MainThread]: running dbt with arguments {'printer_width': '80', 'indirect_selection': 'eager', 'write_json': 'True', 'log_cache_events': 'False', 'partial_parse': 'True', 'cache_selected_only': 'False', 'warn_error': 'None', 'debug': 'False', 'fail_fast': 'False', 'log_path': 'C:\\Users\\hp\\Desktop\\Superside_HR_Manager\\logs', 'profiles_dir': 'C:\\Users\\hp\\.dbt', 'version_check': 'True', 'use_colors': 'True', 'use_experimental_parser': 'False', 'no_print': 'None', 'quiet': 'False', 'empty': 'False', 'warn_error_options': 'WarnErrorOptions(include=[], exclude=[])', 'introspect': 'True', 'log_format': 'default', 'static_parser': 'True', 'target_path': 'None', 'invocation_command': 'dbt run', 'send_anonymous_usage_stats': 'True'}
[0m11:32:48.066022 [debug] [MainThread]: Sending event: {'category': 'dbt', 'action': 'project_id', 'label': 'eb218a07-e613-4d52-a616-f36e3eda36ab', 'context': [<snowplow_tracker.self_describing_json.SelfDescribingJson object at 0x00000208132DAE20>]}
[0m11:32:48.148975 [debug] [MainThread]: Sending event: {'category': 'dbt', 'action': 'adapter_info', 'label': 'eb218a07-e613-4d52-a616-f36e3eda36ab', 'context': [<snowplow_tracker.self_describing_json.SelfDescribingJson object at 0x00000208132DA7F0>]}
[0m11:32:48.150974 [info ] [MainThread]: Registered adapter: bigquery=1.8.2
[0m11:32:48.165692 [debug] [MainThread]: checksum: 2f2fb10c73cafe3e79aa104295a8244291492b32b5598ce46af770f7d0bd5194, vars: {}, profile: , target: , version: 1.8.6
[0m11:32:48.479689 [debug] [MainThread]: Partial parsing enabled: 0 files deleted, 0 files added, 0 files changed.
[0m11:32:48.480689 [debug] [MainThread]: Partial parsing enabled, no changes found, skipping parsing
[0m11:32:48.482667 [warn ] [MainThread]: [[33mWARNING[0m]: Configuration paths exist in your dbt_project.yml file which do not apply to any resources.
There are 1 unused configuration paths:
- models.staging
[0m11:32:48.493681 [debug] [MainThread]: Sending event: {'category': 'dbt', 'action': 'load_project', 'label': 'eb218a07-e613-4d52-a616-f36e3eda36ab', 'context': [<snowplow_tracker.self_describing_json.SelfDescribingJson object at 0x000002081504B130>]}
[0m11:32:48.724906 [debug] [MainThread]: Sending event: {'category': 'dbt', 'action': 'resource_counts', 'label': 'eb218a07-e613-4d52-a616-f36e3eda36ab', 'context': [<snowplow_tracker.self_describing_json.SelfDescribingJson object at 0x000002081342EDC0>]}
[0m11:32:48.725906 [info ] [MainThread]: Found 476 macros
[0m11:32:48.727904 [debug] [MainThread]: Sending event: {'category': 'dbt', 'action': 'runnable_timing', 'label': 'eb218a07-e613-4d52-a616-f36e3eda36ab', 'context': [<snowplow_tracker.self_describing_json.SelfDescribingJson object at 0x000002080F32B7F0>]}
[0m11:32:48.729909 [info ] [MainThread]: 
[0m11:32:48.731901 [warn ] [MainThread]: Nothing to do. Try checking your model configs and model specification args
[0m11:32:48.738899 [debug] [MainThread]: Command end result
[0m11:32:48.807861 [debug] [MainThread]: Command `dbt run` succeeded at 11:32:48.807861 after 4.48 seconds
[0m11:32:48.808879 [debug] [MainThread]: Sending event: {'category': 'dbt', 'action': 'invocation', 'label': 'end', 'context': [<snowplow_tracker.self_describing_json.SelfDescribingJson object at 0x000002080C821BB0>, <snowplow_tracker.self_describing_json.SelfDescribingJson object at 0x000002081342EE50>, <snowplow_tracker.self_describing_json.SelfDescribingJson object at 0x0000020813BFF550>]}
[0m11:32:48.810862 [debug] [MainThread]: Flushing usage events
[0m11:34:39.412599 [debug] [MainThread]: Sending event: {'category': 'dbt', 'action': 'invocation', 'label': 'start', 'context': [<snowplow_tracker.self_describing_json.SelfDescribingJson object at 0x00000194E8991CA0>, <snowplow_tracker.self_describing_json.SelfDescribingJson object at 0x00000194EB452B50>, <snowplow_tracker.self_describing_json.SelfDescribingJson object at 0x00000194EB452DC0>]}


============================== 11:34:39.423594 | df66d528-9374-4e97-961d-99c466279df5 ==============================
[0m11:34:39.423594 [info ] [MainThread]: Running with dbt=1.8.6
[0m11:34:39.426593 [debug] [MainThread]: running dbt with arguments {'printer_width': '80', 'indirect_selection': 'eager', 'write_json': 'True', 'log_cache_events': 'False', 'partial_parse': 'True', 'cache_selected_only': 'False', 'warn_error': 'None', 'version_check': 'True', 'debug': 'False', 'log_path': 'C:\\Users\\hp\\Desktop\\Superside_HR_Manager\\logs', 'profiles_dir': 'C:\\Users\\hp\\.dbt', 'fail_fast': 'False', 'use_colors': 'True', 'use_experimental_parser': 'False', 'no_print': 'None', 'quiet': 'False', 'empty': 'False', 'log_format': 'default', 'static_parser': 'True', 'invocation_command': 'dbt run', 'warn_error_options': 'WarnErrorOptions(include=[], exclude=[])', 'target_path': 'None', 'introspect': 'True', 'send_anonymous_usage_stats': 'True'}
[0m11:34:43.684319 [debug] [MainThread]: Sending event: {'category': 'dbt', 'action': 'project_id', 'label': 'df66d528-9374-4e97-961d-99c466279df5', 'context': [<snowplow_tracker.self_describing_json.SelfDescribingJson object at 0x00000194EF43FEE0>]}
[0m11:34:43.773265 [debug] [MainThread]: Sending event: {'category': 'dbt', 'action': 'adapter_info', 'label': 'df66d528-9374-4e97-961d-99c466279df5', 'context': [<snowplow_tracker.self_describing_json.SelfDescribingJson object at 0x00000194EB42D280>]}
[0m11:34:43.775267 [info ] [MainThread]: Registered adapter: bigquery=1.8.2
[0m11:34:43.791993 [debug] [MainThread]: checksum: 2f2fb10c73cafe3e79aa104295a8244291492b32b5598ce46af770f7d0bd5194, vars: {}, profile: , target: , version: 1.8.6
[0m11:34:44.085757 [debug] [MainThread]: Partial parsing enabled: 0 files deleted, 0 files added, 0 files changed.
[0m11:34:44.085757 [debug] [MainThread]: Partial parsing enabled, no changes found, skipping parsing
[0m11:34:44.095752 [debug] [MainThread]: Sending event: {'category': 'dbt', 'action': 'load_project', 'label': 'df66d528-9374-4e97-961d-99c466279df5', 'context': [<snowplow_tracker.self_describing_json.SelfDescribingJson object at 0x00000194F11B8130>]}
[0m11:34:44.312461 [debug] [MainThread]: Sending event: {'category': 'dbt', 'action': 'resource_counts', 'label': 'df66d528-9374-4e97-961d-99c466279df5', 'context': [<snowplow_tracker.self_describing_json.SelfDescribingJson object at 0x00000194EFE47940>]}
[0m11:34:44.313460 [info ] [MainThread]: Found 476 macros
[0m11:34:44.316459 [debug] [MainThread]: Sending event: {'category': 'dbt', 'action': 'runnable_timing', 'label': 'df66d528-9374-4e97-961d-99c466279df5', 'context': [<snowplow_tracker.self_describing_json.SelfDescribingJson object at 0x00000194EFDB0A30>]}
[0m11:34:44.318463 [info ] [MainThread]: 
[0m11:34:44.320458 [warn ] [MainThread]: Nothing to do. Try checking your model configs and model specification args
[0m11:34:44.326686 [debug] [MainThread]: Command end result
[0m11:34:44.392652 [debug] [MainThread]: Command `dbt run` succeeded at 11:34:44.391652 after 5.12 seconds
[0m11:34:44.393648 [debug] [MainThread]: Sending event: {'category': 'dbt', 'action': 'invocation', 'label': 'end', 'context': [<snowplow_tracker.self_describing_json.SelfDescribingJson object at 0x00000194E8991CA0>, <snowplow_tracker.self_describing_json.SelfDescribingJson object at 0x00000194EB452B20>, <snowplow_tracker.self_describing_json.SelfDescribingJson object at 0x00000194F1198970>]}
[0m11:34:44.395647 [debug] [MainThread]: Flushing usage events
[0m11:39:00.797690 [debug] [MainThread]: Sending event: {'category': 'dbt', 'action': 'invocation', 'label': 'start', 'context': [<snowplow_tracker.self_describing_json.SelfDescribingJson object at 0x0000021036901CA0>, <snowplow_tracker.self_describing_json.SelfDescribingJson object at 0x00000210393C2B50>, <snowplow_tracker.self_describing_json.SelfDescribingJson object at 0x00000210393C2DC0>]}


============================== 11:39:00.803924 | 7561a799-452c-4806-b32e-0121bdcd3a3a ==============================
[0m11:39:00.803924 [info ] [MainThread]: Running with dbt=1.8.6
[0m11:39:00.806476 [debug] [MainThread]: running dbt with arguments {'printer_width': '80', 'indirect_selection': 'eager', 'write_json': 'True', 'log_cache_events': 'False', 'partial_parse': 'True', 'cache_selected_only': 'False', 'warn_error': 'None', 'version_check': 'True', 'profiles_dir': 'C:\\Users\\hp\\.dbt', 'log_path': 'C:\\Users\\hp\\Desktop\\Superside_HR_Manager\\logs', 'fail_fast': 'False', 'debug': 'False', 'use_colors': 'True', 'use_experimental_parser': 'False', 'empty': 'None', 'quiet': 'False', 'no_print': 'None', 'warn_error_options': 'WarnErrorOptions(include=[], exclude=[])', 'introspect': 'True', 'invocation_command': 'dbt test', 'static_parser': 'True', 'target_path': 'None', 'log_format': 'default', 'send_anonymous_usage_stats': 'True'}
[0m11:39:04.486301 [debug] [MainThread]: Sending event: {'category': 'dbt', 'action': 'project_id', 'label': '7561a799-452c-4806-b32e-0121bdcd3a3a', 'context': [<snowplow_tracker.self_describing_json.SelfDescribingJson object at 0x000002103D3AFEE0>]}
[0m11:39:04.569254 [debug] [MainThread]: Sending event: {'category': 'dbt', 'action': 'adapter_info', 'label': '7561a799-452c-4806-b32e-0121bdcd3a3a', 'context': [<snowplow_tracker.self_describing_json.SelfDescribingJson object at 0x0000021039399280>]}
[0m11:39:04.571234 [info ] [MainThread]: Registered adapter: bigquery=1.8.2
[0m11:39:04.586125 [debug] [MainThread]: checksum: 2f2fb10c73cafe3e79aa104295a8244291492b32b5598ce46af770f7d0bd5194, vars: {}, profile: , target: , version: 1.8.6
[0m11:39:04.879425 [debug] [MainThread]: Partial parsing enabled: 0 files deleted, 0 files added, 0 files changed.
[0m11:39:04.880426 [debug] [MainThread]: Partial parsing enabled, no changes found, skipping parsing
[0m11:39:04.890399 [debug] [MainThread]: Sending event: {'category': 'dbt', 'action': 'load_project', 'label': '7561a799-452c-4806-b32e-0121bdcd3a3a', 'context': [<snowplow_tracker.self_describing_json.SelfDescribingJson object at 0x000002103F127130>]}
[0m11:39:05.154933 [debug] [MainThread]: Sending event: {'category': 'dbt', 'action': 'resource_counts', 'label': '7561a799-452c-4806-b32e-0121bdcd3a3a', 'context': [<snowplow_tracker.self_describing_json.SelfDescribingJson object at 0x000002103DC35370>]}
[0m11:39:05.155932 [info ] [MainThread]: Found 476 macros
[0m11:39:05.157931 [debug] [MainThread]: Sending event: {'category': 'dbt', 'action': 'runnable_timing', 'label': '7561a799-452c-4806-b32e-0121bdcd3a3a', 'context': [<snowplow_tracker.self_describing_json.SelfDescribingJson object at 0x000002103F127A00>]}
[0m11:39:05.159935 [info ] [MainThread]: 
[0m11:39:05.162929 [warn ] [MainThread]: Nothing to do. Try checking your model configs and model specification args
[0m11:39:05.171923 [debug] [MainThread]: Command end result
[0m11:39:05.248879 [debug] [MainThread]: Command `dbt test` succeeded at 11:39:05.248879 after 4.57 seconds
[0m11:39:05.251878 [debug] [MainThread]: Sending event: {'category': 'dbt', 'action': 'invocation', 'label': 'end', 'context': [<snowplow_tracker.self_describing_json.SelfDescribingJson object at 0x0000021036901CA0>, <snowplow_tracker.self_describing_json.SelfDescribingJson object at 0x0000021038DC2A90>, <snowplow_tracker.self_describing_json.SelfDescribingJson object at 0x000002103DC35370>]}
[0m11:39:05.253877 [debug] [MainThread]: Flushing usage events
[0m11:39:23.180745 [debug] [MainThread]: Sending event: {'category': 'dbt', 'action': 'invocation', 'label': 'start', 'context': [<snowplow_tracker.self_describing_json.SelfDescribingJson object at 0x000001AACB831C40>, <snowplow_tracker.self_describing_json.SelfDescribingJson object at 0x000001AACD1895B0>, <snowplow_tracker.self_describing_json.SelfDescribingJson object at 0x000001AACB4F5E20>]}


============================== 11:39:23.190740 | 4411ca7e-37e2-4c2c-9da4-4e8e348d47e8 ==============================
[0m11:39:23.190740 [info ] [MainThread]: Running with dbt=1.8.6
[0m11:39:23.193035 [debug] [MainThread]: running dbt with arguments {'printer_width': '80', 'indirect_selection': 'eager', 'log_cache_events': 'False', 'write_json': 'True', 'partial_parse': 'True', 'cache_selected_only': 'False', 'profiles_dir': 'C:\\Users\\hp\\.dbt', 'version_check': 'True', 'warn_error': 'None', 'log_path': 'C:\\Users\\hp\\Desktop\\Superside_HR_Manager\\logs', 'debug': 'False', 'fail_fast': 'False', 'use_colors': 'True', 'use_experimental_parser': 'False', 'no_print': 'None', 'quiet': 'False', 'empty': 'None', 'log_format': 'default', 'static_parser': 'True', 'warn_error_options': 'WarnErrorOptions(include=[], exclude=[])', 'invocation_command': 'dbt debug', 'target_path': 'None', 'introspect': 'True', 'send_anonymous_usage_stats': 'True'}
[0m11:39:23.257821 [info ] [MainThread]: dbt version: 1.8.6
[0m11:39:23.259809 [info ] [MainThread]: python version: 3.9.19
[0m11:39:23.261705 [info ] [MainThread]: python path: C:\Users\hp\anaconda3\python.exe
[0m11:39:23.262706 [info ] [MainThread]: os info: Windows-10-10.0.19045-SP0
[0m11:39:26.535510 [info ] [MainThread]: Using profiles dir at C:\Users\hp\.dbt
[0m11:39:26.538266 [info ] [MainThread]: Using profiles.yml file at C:\Users\hp\.dbt\profiles.yml
[0m11:39:26.539224 [info ] [MainThread]: Using dbt_project.yml file at C:\Users\hp\Desktop\Superside_HR_Manager\dbt_project.yml
[0m11:39:26.541046 [info ] [MainThread]: adapter type: bigquery
[0m11:39:26.543571 [info ] [MainThread]: adapter version: 1.8.2
[0m11:39:26.707478 [info ] [MainThread]: Configuration:
[0m11:39:26.709475 [info ] [MainThread]:   profiles.yml file [[32mOK found and valid[0m]
[0m11:39:26.711110 [info ] [MainThread]:   dbt_project.yml file [[32mOK found and valid[0m]
[0m11:39:26.714427 [info ] [MainThread]: Required dependencies:
[0m11:39:26.716426 [debug] [MainThread]: Executing "git --help"
[0m11:39:26.827008 [debug] [MainThread]: STDOUT: "b"usage: git [-v | --version] [-h | --help] [-C <path>] [-c <name>=<value>]\n           [--exec-path[=<path>]] [--html-path] [--man-path] [--info-path]\n           [-p | --paginate | -P | --no-pager] [--no-replace-objects] [--bare]\n           [--git-dir=<path>] [--work-tree=<path>] [--namespace=<name>]\n           [--config-env=<name>=<envvar>] <command> [<args>]\n\nThese are common Git commands used in various situations:\n\nstart a working area (see also: git help tutorial)\n   clone     Clone a repository into a new directory\n   init      Create an empty Git repository or reinitialize an existing one\n\nwork on the current change (see also: git help everyday)\n   add       Add file contents to the index\n   mv        Move or rename a file, a directory, or a symlink\n   restore   Restore working tree files\n   rm        Remove files from the working tree and from the index\n\nexamine the history and state (see also: git help revisions)\n   bisect    Use binary search to find the commit that introduced a bug\n   diff      Show changes between commits, commit and working tree, etc\n   grep      Print lines matching a pattern\n   log       Show commit logs\n   show      Show various types of objects\n   status    Show the working tree status\n\ngrow, mark and tweak your common history\n   branch    List, create, or delete branches\n   commit    Record changes to the repository\n   merge     Join two or more development histories together\n   rebase    Reapply commits on top of another base tip\n   reset     Reset current HEAD to the specified state\n   switch    Switch branches\n   tag       Create, list, delete or verify a tag object signed with GPG\n\ncollaborate (see also: git help workflows)\n   fetch     Download objects and refs from another repository\n   pull      Fetch from and integrate with another repository or a local branch\n   push      Update remote refs along with associated objects\n\n'git help -a' and 'git help -g' list available subcommands and some\nconcept guides. See 'git help <command>' or 'git help <concept>'\nto read about a specific subcommand or concept.\nSee 'git help git' for an overview of the system.\n""
[0m11:39:26.828023 [debug] [MainThread]: STDERR: "b''"
[0m11:39:26.829028 [info ] [MainThread]:  - git [[32mOK found[0m]

[0m11:39:26.832004 [info ] [MainThread]: Connection:
[0m11:39:26.834004 [info ] [MainThread]:   method: oauth
[0m11:39:26.836003 [info ] [MainThread]:   database: glass-mantra-128509
[0m11:39:26.840003 [info ] [MainThread]:   execution_project: glass-mantra-128509
[0m11:39:26.841999 [info ] [MainThread]:   schema: superside_hr
[0m11:39:26.844999 [info ] [MainThread]:   location: EU
[0m11:39:26.846997 [info ] [MainThread]:   priority: interactive
[0m11:39:26.849994 [info ] [MainThread]:   maximum_bytes_billed: None
[0m11:39:26.851995 [info ] [MainThread]:   impersonate_service_account: None
[0m11:39:26.854991 [info ] [MainThread]:   job_retry_deadline_seconds: None
[0m11:39:26.857991 [info ] [MainThread]:   job_retries: 1
[0m11:39:26.859991 [info ] [MainThread]:   job_creation_timeout_seconds: None
[0m11:39:26.861989 [info ] [MainThread]:   job_execution_timeout_seconds: 300
[0m11:39:26.863640 [info ] [MainThread]:   timeout_seconds: 300
[0m11:39:26.866643 [info ] [MainThread]:   client_id: None
[0m11:39:26.867654 [info ] [MainThread]:   token_uri: None
[0m11:39:26.869319 [info ] [MainThread]:   dataproc_region: None
[0m11:39:26.874322 [info ] [MainThread]:   dataproc_cluster_name: None
[0m11:39:26.876320 [info ] [MainThread]:   gcs_bucket: None
[0m11:39:26.877889 [info ] [MainThread]:   dataproc_batch: None
[0m11:39:26.879891 [info ] [MainThread]: Registered adapter: bigquery=1.8.2
[0m11:39:26.882895 [debug] [MainThread]: Acquiring new bigquery connection 'debug'
[0m11:39:26.883911 [debug] [MainThread]: Opening a new connection, currently in state init
[0m11:39:39.137101 [debug] [MainThread]: BigQuery adapter: Got an error when attempting to create a bigquery client: 'Runtime Error
  Failed to authenticate with supplied credentials
  error:
  Your default credentials were not found. To set up Application Default Credentials, see https://cloud.google.com/docs/authentication/external/set-up-adc for more information.'
[0m11:39:39.138100 [info ] [MainThread]:   Connection test: [[31mERROR[0m]

[0m11:39:39.141099 [info ] [MainThread]: [31m1 check failed:[0m
[0m11:39:39.143098 [info ] [MainThread]: dbt was unable to connect to the specified database.
The database returned the following error:

  >Database Error
  Runtime Error
    Failed to authenticate with supplied credentials
    error:
    Your default credentials were not found. To set up Application Default Credentials, see https://cloud.google.com/docs/authentication/external/set-up-adc for more information.

Check your database credentials and try again. For more information, visit:
https://docs.getdbt.com/docs/configure-your-profile


[0m11:39:39.151094 [debug] [MainThread]: Command `dbt debug` failed at 11:39:39.151094 after 16.09 seconds
[0m11:39:39.153094 [debug] [MainThread]: Connection 'debug' was properly closed.
[0m11:39:39.156093 [debug] [MainThread]: Sending event: {'category': 'dbt', 'action': 'invocation', 'label': 'end', 'context': [<snowplow_tracker.self_describing_json.SelfDescribingJson object at 0x000001AACB831C40>, <snowplow_tracker.self_describing_json.SelfDescribingJson object at 0x000001AAD2ED2A60>, <snowplow_tracker.self_describing_json.SelfDescribingJson object at 0x000001AAD2ED26D0>]}
[0m11:39:39.158089 [debug] [MainThread]: Flushing usage events
[0m11:47:55.281203 [debug] [MainThread]: Sending event: {'category': 'dbt', 'action': 'invocation', 'label': 'start', 'context': [<snowplow_tracker.self_describing_json.SelfDescribingJson object at 0x000002B16B671C10>, <snowplow_tracker.self_describing_json.SelfDescribingJson object at 0x000002B16BFFCE80>, <snowplow_tracker.self_describing_json.SelfDescribingJson object at 0x000002B16E136C70>]}


============================== 11:47:55.287200 | ea3c1462-ad9f-4cfc-9a0f-7a04e841f9d2 ==============================
[0m11:47:55.287200 [info ] [MainThread]: Running with dbt=1.8.6
[0m11:47:55.289199 [debug] [MainThread]: running dbt with arguments {'printer_width': '80', 'indirect_selection': 'eager', 'log_cache_events': 'False', 'write_json': 'True', 'partial_parse': 'True', 'cache_selected_only': 'False', 'profiles_dir': 'C:\\Users\\hp\\.dbt', 'version_check': 'True', 'debug': 'False', 'log_path': 'C:\\Users\\hp\\Desktop\\Superside_HR_Manager\\logs', 'fail_fast': 'False', 'warn_error': 'None', 'use_colors': 'True', 'use_experimental_parser': 'False', 'no_print': 'None', 'quiet': 'False', 'empty': 'None', 'log_format': 'default', 'static_parser': 'True', 'invocation_command': 'dbt debug', 'introspect': 'True', 'target_path': 'None', 'warn_error_options': 'WarnErrorOptions(include=[], exclude=[])', 'send_anonymous_usage_stats': 'True'}
[0m11:47:55.328194 [info ] [MainThread]: dbt version: 1.8.6
[0m11:47:55.329188 [info ] [MainThread]: python version: 3.9.19
[0m11:47:55.331175 [info ] [MainThread]: python path: C:\Users\hp\anaconda3\python.exe
[0m11:47:55.333174 [info ] [MainThread]: os info: Windows-10-10.0.19045-SP0
[0m11:47:58.562118 [info ] [MainThread]: Using profiles dir at C:\Users\hp\.dbt
[0m11:47:58.564097 [info ] [MainThread]: Using profiles.yml file at C:\Users\hp\.dbt\profiles.yml
[0m11:47:58.565097 [info ] [MainThread]: Using dbt_project.yml file at C:\Users\hp\Desktop\Superside_HR_Manager\dbt_project.yml
[0m11:47:58.567097 [info ] [MainThread]: adapter type: bigquery
[0m11:47:58.569096 [info ] [MainThread]: adapter version: 1.8.2
[0m11:47:58.732022 [info ] [MainThread]: Configuration:
[0m11:47:58.733003 [info ] [MainThread]:   profiles.yml file [[32mOK found and valid[0m]
[0m11:47:58.734999 [info ] [MainThread]:   dbt_project.yml file [[32mOK found and valid[0m]
[0m11:47:58.737002 [info ] [MainThread]: Required dependencies:
[0m11:47:58.738999 [debug] [MainThread]: Executing "git --help"
[0m11:47:58.809961 [debug] [MainThread]: STDOUT: "b"usage: git [-v | --version] [-h | --help] [-C <path>] [-c <name>=<value>]\n           [--exec-path[=<path>]] [--html-path] [--man-path] [--info-path]\n           [-p | --paginate | -P | --no-pager] [--no-replace-objects] [--bare]\n           [--git-dir=<path>] [--work-tree=<path>] [--namespace=<name>]\n           [--config-env=<name>=<envvar>] <command> [<args>]\n\nThese are common Git commands used in various situations:\n\nstart a working area (see also: git help tutorial)\n   clone     Clone a repository into a new directory\n   init      Create an empty Git repository or reinitialize an existing one\n\nwork on the current change (see also: git help everyday)\n   add       Add file contents to the index\n   mv        Move or rename a file, a directory, or a symlink\n   restore   Restore working tree files\n   rm        Remove files from the working tree and from the index\n\nexamine the history and state (see also: git help revisions)\n   bisect    Use binary search to find the commit that introduced a bug\n   diff      Show changes between commits, commit and working tree, etc\n   grep      Print lines matching a pattern\n   log       Show commit logs\n   show      Show various types of objects\n   status    Show the working tree status\n\ngrow, mark and tweak your common history\n   branch    List, create, or delete branches\n   commit    Record changes to the repository\n   merge     Join two or more development histories together\n   rebase    Reapply commits on top of another base tip\n   reset     Reset current HEAD to the specified state\n   switch    Switch branches\n   tag       Create, list, delete or verify a tag object signed with GPG\n\ncollaborate (see also: git help workflows)\n   fetch     Download objects and refs from another repository\n   pull      Fetch from and integrate with another repository or a local branch\n   push      Update remote refs along with associated objects\n\n'git help -a' and 'git help -g' list available subcommands and some\nconcept guides. See 'git help <command>' or 'git help <concept>'\nto read about a specific subcommand or concept.\nSee 'git help git' for an overview of the system.\n""
[0m11:47:58.810959 [debug] [MainThread]: STDERR: "b''"
[0m11:47:58.812955 [info ] [MainThread]:  - git [[32mOK found[0m]

[0m11:47:58.814955 [info ] [MainThread]: Connection:
[0m11:47:58.815975 [info ] [MainThread]:   method: oauth
[0m11:47:58.817955 [info ] [MainThread]:   database: glass-mantra-128509
[0m11:47:58.819954 [info ] [MainThread]:   execution_project: glass-mantra-128509
[0m11:47:58.821951 [info ] [MainThread]:   schema: superside_hr
[0m11:47:58.822950 [info ] [MainThread]:   location: EU
[0m11:47:58.825949 [info ] [MainThread]:   priority: interactive
[0m11:47:58.828946 [info ] [MainThread]:   maximum_bytes_billed: None
[0m11:47:58.830948 [info ] [MainThread]:   impersonate_service_account: None
[0m11:47:58.832947 [info ] [MainThread]:   job_retry_deadline_seconds: None
[0m11:47:58.834926 [info ] [MainThread]:   job_retries: 1
[0m11:47:58.836924 [info ] [MainThread]:   job_creation_timeout_seconds: None
[0m11:47:58.837878 [info ] [MainThread]:   job_execution_timeout_seconds: 300
[0m11:47:58.839879 [info ] [MainThread]:   timeout_seconds: 300
[0m11:47:58.842997 [info ] [MainThread]:   client_id: None
[0m11:47:58.846991 [info ] [MainThread]:   token_uri: None
[0m11:47:58.847915 [info ] [MainThread]:   dataproc_region: None
[0m11:47:58.850918 [info ] [MainThread]:   dataproc_cluster_name: None
[0m11:47:58.852917 [info ] [MainThread]:   gcs_bucket: None
[0m11:47:58.853753 [info ] [MainThread]:   dataproc_batch: None
[0m11:47:58.855755 [info ] [MainThread]: Registered adapter: bigquery=1.8.2
[0m11:47:58.861752 [debug] [MainThread]: Acquiring new bigquery connection 'debug'
[0m11:47:58.862752 [debug] [MainThread]: Opening a new connection, currently in state init
[0m11:48:11.188045 [debug] [MainThread]: BigQuery adapter: Got an error when attempting to create a bigquery client: 'Runtime Error
  Failed to authenticate with supplied credentials
  error:
  Your default credentials were not found. To set up Application Default Credentials, see https://cloud.google.com/docs/authentication/external/set-up-adc for more information.'
[0m11:48:11.189066 [info ] [MainThread]:   Connection test: [[31mERROR[0m]

[0m11:48:11.191613 [info ] [MainThread]: [31m1 check failed:[0m
[0m11:48:11.193454 [info ] [MainThread]: dbt was unable to connect to the specified database.
The database returned the following error:

  >Database Error
  Runtime Error
    Failed to authenticate with supplied credentials
    error:
    Your default credentials were not found. To set up Application Default Credentials, see https://cloud.google.com/docs/authentication/external/set-up-adc for more information.

Check your database credentials and try again. For more information, visit:
https://docs.getdbt.com/docs/configure-your-profile


[0m11:48:11.202158 [debug] [MainThread]: Command `dbt debug` failed at 11:48:11.201158 after 16.03 seconds
[0m11:48:11.203158 [debug] [MainThread]: Connection 'debug' was properly closed.
[0m11:48:11.205156 [debug] [MainThread]: Sending event: {'category': 'dbt', 'action': 'invocation', 'label': 'end', 'context': [<snowplow_tracker.self_describing_json.SelfDescribingJson object at 0x000002B16B671C10>, <snowplow_tracker.self_describing_json.SelfDescribingJson object at 0x000002B172D126A0>, <snowplow_tracker.self_describing_json.SelfDescribingJson object at 0x000002B172CD75B0>]}
[0m11:48:11.206157 [debug] [MainThread]: Flushing usage events
[0m11:50:01.989028 [debug] [MainThread]: Sending event: {'category': 'dbt', 'action': 'invocation', 'label': 'start', 'context': [<snowplow_tracker.self_describing_json.SelfDescribingJson object at 0x0000023A6E451BE0>, <snowplow_tracker.self_describing_json.SelfDescribingJson object at 0x0000023A70F11BB0>, <snowplow_tracker.self_describing_json.SelfDescribingJson object at 0x0000023A70F11E50>]}


============================== 11:50:01.998005 | 95ac94b4-e633-4411-8a1c-189000656d4c ==============================
[0m11:50:01.998005 [info ] [MainThread]: Running with dbt=1.8.6
[0m11:50:02.000003 [debug] [MainThread]: running dbt with arguments {'printer_width': '80', 'indirect_selection': 'eager', 'write_json': 'True', 'log_cache_events': 'False', 'partial_parse': 'True', 'cache_selected_only': 'False', 'warn_error': 'None', 'debug': 'False', 'fail_fast': 'False', 'log_path': 'C:\\Users\\hp\\Desktop\\Superside_HR_Manager\\logs', 'version_check': 'True', 'profiles_dir': 'C:\\Users\\hp\\.dbt', 'use_colors': 'True', 'use_experimental_parser': 'False', 'no_print': 'None', 'quiet': 'False', 'empty': 'None', 'log_format': 'default', 'introspect': 'True', 'invocation_command': 'dbt debug', 'static_parser': 'True', 'target_path': 'None', 'warn_error_options': 'WarnErrorOptions(include=[], exclude=[])', 'send_anonymous_usage_stats': 'True'}
[0m11:50:02.072962 [info ] [MainThread]: dbt version: 1.8.6
[0m11:50:02.075958 [info ] [MainThread]: python version: 3.9.19
[0m11:50:02.124930 [info ] [MainThread]: python path: C:\Users\hp\anaconda3\python.exe
[0m11:50:02.155913 [info ] [MainThread]: os info: Windows-10-10.0.19045-SP0
[0m11:50:05.990642 [info ] [MainThread]: Using profiles dir at C:\Users\hp\.dbt
[0m11:50:05.991749 [info ] [MainThread]: Using profiles.yml file at C:\Users\hp\.dbt\profiles.yml
[0m11:50:05.993751 [info ] [MainThread]: Using dbt_project.yml file at C:\Users\hp\Desktop\Superside_HR_Manager\dbt_project.yml
[0m11:50:05.995392 [info ] [MainThread]: adapter type: bigquery
[0m11:50:05.998045 [info ] [MainThread]: adapter version: 1.8.2
[0m11:50:06.185939 [info ] [MainThread]: Configuration:
[0m11:50:06.187444 [info ] [MainThread]:   profiles.yml file [[32mOK found and valid[0m]
[0m11:50:06.190447 [info ] [MainThread]:   dbt_project.yml file [[32mOK found and valid[0m]
[0m11:50:06.192462 [info ] [MainThread]: Required dependencies:
[0m11:50:06.197442 [debug] [MainThread]: Executing "git --help"
[0m11:50:06.271399 [debug] [MainThread]: STDOUT: "b"usage: git [-v | --version] [-h | --help] [-C <path>] [-c <name>=<value>]\n           [--exec-path[=<path>]] [--html-path] [--man-path] [--info-path]\n           [-p | --paginate | -P | --no-pager] [--no-replace-objects] [--bare]\n           [--git-dir=<path>] [--work-tree=<path>] [--namespace=<name>]\n           [--config-env=<name>=<envvar>] <command> [<args>]\n\nThese are common Git commands used in various situations:\n\nstart a working area (see also: git help tutorial)\n   clone     Clone a repository into a new directory\n   init      Create an empty Git repository or reinitialize an existing one\n\nwork on the current change (see also: git help everyday)\n   add       Add file contents to the index\n   mv        Move or rename a file, a directory, or a symlink\n   restore   Restore working tree files\n   rm        Remove files from the working tree and from the index\n\nexamine the history and state (see also: git help revisions)\n   bisect    Use binary search to find the commit that introduced a bug\n   diff      Show changes between commits, commit and working tree, etc\n   grep      Print lines matching a pattern\n   log       Show commit logs\n   show      Show various types of objects\n   status    Show the working tree status\n\ngrow, mark and tweak your common history\n   branch    List, create, or delete branches\n   commit    Record changes to the repository\n   merge     Join two or more development histories together\n   rebase    Reapply commits on top of another base tip\n   reset     Reset current HEAD to the specified state\n   switch    Switch branches\n   tag       Create, list, delete or verify a tag object signed with GPG\n\ncollaborate (see also: git help workflows)\n   fetch     Download objects and refs from another repository\n   pull      Fetch from and integrate with another repository or a local branch\n   push      Update remote refs along with associated objects\n\n'git help -a' and 'git help -g' list available subcommands and some\nconcept guides. See 'git help <command>' or 'git help <concept>'\nto read about a specific subcommand or concept.\nSee 'git help git' for an overview of the system.\n""
[0m11:50:06.272404 [debug] [MainThread]: STDERR: "b''"
[0m11:50:06.273403 [info ] [MainThread]:  - git [[32mOK found[0m]

[0m11:50:06.276400 [info ] [MainThread]: Connection:
[0m11:50:06.277397 [info ] [MainThread]:   method: oauth
[0m11:50:06.279417 [info ] [MainThread]:   database: glass-mantra-128509
[0m11:50:06.280395 [info ] [MainThread]:   execution_project: glass-mantra-128509
[0m11:50:06.283395 [info ] [MainThread]:   schema: superside_hr
[0m11:50:06.287392 [info ] [MainThread]:   location: EU
[0m11:50:06.289391 [info ] [MainThread]:   priority: interactive
[0m11:50:06.291395 [info ] [MainThread]:   maximum_bytes_billed: None
[0m11:50:06.293388 [info ] [MainThread]:   impersonate_service_account: None
[0m11:50:06.294388 [info ] [MainThread]:   job_retry_deadline_seconds: None
[0m11:50:06.297387 [info ] [MainThread]:   job_retries: 1
[0m11:50:06.299384 [info ] [MainThread]:   job_creation_timeout_seconds: None
[0m11:50:06.300384 [info ] [MainThread]:   job_execution_timeout_seconds: 300
[0m11:50:06.303386 [info ] [MainThread]:   timeout_seconds: 300
[0m11:50:06.307381 [info ] [MainThread]:   client_id: None
[0m11:50:06.309401 [info ] [MainThread]:   token_uri: None
[0m11:50:06.310380 [info ] [MainThread]:   dataproc_region: None
[0m11:50:06.312379 [info ] [MainThread]:   dataproc_cluster_name: None
[0m11:50:06.314379 [info ] [MainThread]:   gcs_bucket: None
[0m11:50:06.316375 [info ] [MainThread]:   dataproc_batch: None
[0m11:50:06.319374 [info ] [MainThread]: Registered adapter: bigquery=1.8.2
[0m11:50:06.323373 [debug] [MainThread]: Acquiring new bigquery connection 'debug'
[0m11:50:06.325370 [debug] [MainThread]: Opening a new connection, currently in state init
[0m11:50:08.630668 [debug] [MainThread]: On debug: select 1 as id
[0m11:50:13.900389 [debug] [MainThread]: BigQuery adapter: https://console.cloud.google.com/bigquery?project=glass-mantra-128509&j=bq:EU:5e5f20cb-6dc8-4952-8251-f54d83003372&page=queryresults
[0m11:50:14.665669 [info ] [MainThread]:   Connection test: [[32mOK connection ok[0m]

[0m11:50:14.678665 [info ] [MainThread]: [32mAll checks passed![0m
[0m11:50:14.686656 [debug] [MainThread]: Command `dbt debug` succeeded at 11:50:14.686656 after 12.85 seconds
[0m11:50:14.688656 [debug] [MainThread]: Connection 'debug' was properly closed.
[0m11:50:14.692655 [debug] [MainThread]: Sending event: {'category': 'dbt', 'action': 'invocation', 'label': 'end', 'context': [<snowplow_tracker.self_describing_json.SelfDescribingJson object at 0x0000023A6E451BE0>, <snowplow_tracker.self_describing_json.SelfDescribingJson object at 0x0000023A70EEE970>, <snowplow_tracker.self_describing_json.SelfDescribingJson object at 0x0000023A74FD54C0>]}
[0m11:50:14.695652 [debug] [MainThread]: Flushing usage events
[0m11:50:46.879135 [debug] [MainThread]: Sending event: {'category': 'dbt', 'action': 'invocation', 'label': 'start', 'context': [<snowplow_tracker.self_describing_json.SelfDescribingJson object at 0x000002093F341C10>, <snowplow_tracker.self_describing_json.SelfDescribingJson object at 0x0000020941E02B50>, <snowplow_tracker.self_describing_json.SelfDescribingJson object at 0x0000020941E02D90>]}


============================== 11:50:46.886135 | 8f78a232-a2b9-4880-9666-0d8a981e306c ==============================
[0m11:50:46.886135 [info ] [MainThread]: Running with dbt=1.8.6
[0m11:50:46.887811 [debug] [MainThread]: running dbt with arguments {'printer_width': '80', 'indirect_selection': 'eager', 'log_cache_events': 'False', 'write_json': 'True', 'partial_parse': 'True', 'cache_selected_only': 'False', 'profiles_dir': 'C:\\Users\\hp\\.dbt', 'debug': 'False', 'fail_fast': 'False', 'log_path': 'C:\\Users\\hp\\Desktop\\Superside_HR_Manager\\logs', 'version_check': 'True', 'warn_error': 'None', 'use_colors': 'True', 'use_experimental_parser': 'False', 'empty': 'False', 'quiet': 'False', 'no_print': 'None', 'log_format': 'default', 'introspect': 'True', 'warn_error_options': 'WarnErrorOptions(include=[], exclude=[])', 'invocation_command': 'dbt run', 'target_path': 'None', 'static_parser': 'True', 'send_anonymous_usage_stats': 'True'}
[0m11:50:50.716345 [debug] [MainThread]: Sending event: {'category': 'dbt', 'action': 'project_id', 'label': '8f78a232-a2b9-4880-9666-0d8a981e306c', 'context': [<snowplow_tracker.self_describing_json.SelfDescribingJson object at 0x000002093FCBF820>]}
[0m11:50:50.800318 [debug] [MainThread]: Sending event: {'category': 'dbt', 'action': 'adapter_info', 'label': '8f78a232-a2b9-4880-9666-0d8a981e306c', 'context': [<snowplow_tracker.self_describing_json.SelfDescribingJson object at 0x0000020941DDD1F0>]}
[0m11:50:50.802297 [info ] [MainThread]: Registered adapter: bigquery=1.8.2
[0m11:50:50.821765 [debug] [MainThread]: checksum: 2f2fb10c73cafe3e79aa104295a8244291492b32b5598ce46af770f7d0bd5194, vars: {}, profile: , target: , version: 1.8.6
[0m11:50:51.124761 [debug] [MainThread]: Partial parsing enabled: 0 files deleted, 0 files added, 0 files changed.
[0m11:50:51.125761 [debug] [MainThread]: Partial parsing enabled, no changes found, skipping parsing
[0m11:50:51.134755 [debug] [MainThread]: Sending event: {'category': 'dbt', 'action': 'load_project', 'label': '8f78a232-a2b9-4880-9666-0d8a981e306c', 'context': [<snowplow_tracker.self_describing_json.SelfDescribingJson object at 0x0000020947B68FD0>]}
[0m11:50:51.369145 [debug] [MainThread]: Sending event: {'category': 'dbt', 'action': 'resource_counts', 'label': '8f78a232-a2b9-4880-9666-0d8a981e306c', 'context': [<snowplow_tracker.self_describing_json.SelfDescribingJson object at 0x0000020945F62B80>]}
[0m11:50:51.370145 [info ] [MainThread]: Found 476 macros
[0m11:50:51.373142 [debug] [MainThread]: Sending event: {'category': 'dbt', 'action': 'runnable_timing', 'label': '8f78a232-a2b9-4880-9666-0d8a981e306c', 'context': [<snowplow_tracker.self_describing_json.SelfDescribingJson object at 0x0000020945F62A90>]}
[0m11:50:51.375145 [info ] [MainThread]: 
[0m11:50:51.377140 [warn ] [MainThread]: Nothing to do. Try checking your model configs and model specification args
[0m11:50:51.387133 [debug] [MainThread]: Command end result
[0m11:50:51.450098 [debug] [MainThread]: Command `dbt run` succeeded at 11:50:51.450098 after 4.68 seconds
[0m11:50:51.451117 [debug] [MainThread]: Sending event: {'category': 'dbt', 'action': 'invocation', 'label': 'end', 'context': [<snowplow_tracker.self_describing_json.SelfDescribingJson object at 0x000002093F341C10>, <snowplow_tracker.self_describing_json.SelfDescribingJson object at 0x000002094122C940>, <snowplow_tracker.self_describing_json.SelfDescribingJson object at 0x000002093F842EB0>]}
[0m11:50:51.452096 [debug] [MainThread]: Flushing usage events
[0m11:53:14.251138 [debug] [MainThread]: Sending event: {'category': 'dbt', 'action': 'invocation', 'label': 'start', 'context': [<snowplow_tracker.self_describing_json.SelfDescribingJson object at 0x0000013DFE2D1C40>, <snowplow_tracker.self_describing_json.SelfDescribingJson object at 0x0000013D80ED2AF0>, <snowplow_tracker.self_describing_json.SelfDescribingJson object at 0x0000013D80ED2D60>]}


============================== 11:53:14.258699 | 8d14176c-9977-490b-ad92-30de1cf947c0 ==============================
[0m11:53:14.258699 [info ] [MainThread]: Running with dbt=1.8.6
[0m11:53:14.260290 [debug] [MainThread]: running dbt with arguments {'printer_width': '80', 'indirect_selection': 'eager', 'log_cache_events': 'False', 'write_json': 'True', 'partial_parse': 'True', 'cache_selected_only': 'False', 'warn_error': 'None', 'fail_fast': 'False', 'version_check': 'True', 'log_path': 'C:\\Users\\hp\\Desktop\\Superside_HR_Manager\\logs', 'debug': 'False', 'profiles_dir': 'C:\\Users\\hp\\.dbt', 'use_colors': 'True', 'use_experimental_parser': 'False', 'empty': 'False', 'quiet': 'False', 'no_print': 'None', 'log_format': 'default', 'static_parser': 'True', 'introspect': 'True', 'invocation_command': 'dbt run', 'target_path': 'None', 'warn_error_options': 'WarnErrorOptions(include=[], exclude=[])', 'send_anonymous_usage_stats': 'True'}
[0m11:53:18.001895 [debug] [MainThread]: Sending event: {'category': 'dbt', 'action': 'project_id', 'label': '8d14176c-9977-490b-ad92-30de1cf947c0', 'context': [<snowplow_tracker.self_describing_json.SelfDescribingJson object at 0x0000013DFE6B3BB0>]}
[0m11:53:18.085841 [debug] [MainThread]: Sending event: {'category': 'dbt', 'action': 'adapter_info', 'label': '8d14176c-9977-490b-ad92-30de1cf947c0', 'context': [<snowplow_tracker.self_describing_json.SelfDescribingJson object at 0x0000013D80E9BFD0>]}
[0m11:53:18.086842 [info ] [MainThread]: Registered adapter: bigquery=1.8.2
[0m11:53:18.107371 [debug] [MainThread]: checksum: 2f2fb10c73cafe3e79aa104295a8244291492b32b5598ce46af770f7d0bd5194, vars: {}, profile: , target: , version: 1.8.6
[0m11:53:18.394368 [debug] [MainThread]: Partial parsing enabled: 0 files deleted, 0 files added, 0 files changed.
[0m11:53:18.395367 [debug] [MainThread]: Partial parsing enabled, no changes found, skipping parsing
[0m11:53:18.404362 [debug] [MainThread]: Sending event: {'category': 'dbt', 'action': 'load_project', 'label': '8d14176c-9977-490b-ad92-30de1cf947c0', 'context': [<snowplow_tracker.self_describing_json.SelfDescribingJson object at 0x0000013D86AF8130>]}
[0m11:53:18.619042 [debug] [MainThread]: Sending event: {'category': 'dbt', 'action': 'resource_counts', 'label': '8d14176c-9977-490b-ad92-30de1cf947c0', 'context': [<snowplow_tracker.self_describing_json.SelfDescribingJson object at 0x0000013D85838370>]}
[0m11:53:18.620042 [info ] [MainThread]: Found 476 macros
[0m11:53:18.622040 [debug] [MainThread]: Sending event: {'category': 'dbt', 'action': 'runnable_timing', 'label': '8d14176c-9977-490b-ad92-30de1cf947c0', 'context': [<snowplow_tracker.self_describing_json.SelfDescribingJson object at 0x0000013D8689AF70>]}
[0m11:53:18.625060 [info ] [MainThread]: 
[0m11:53:18.628037 [warn ] [MainThread]: Nothing to do. Try checking your model configs and model specification args
[0m11:53:18.636053 [debug] [MainThread]: Command end result
[0m11:53:18.695998 [debug] [MainThread]: Command `dbt run` succeeded at 11:53:18.694999 after 4.56 seconds
[0m11:53:18.695998 [debug] [MainThread]: Sending event: {'category': 'dbt', 'action': 'invocation', 'label': 'end', 'context': [<snowplow_tracker.self_describing_json.SelfDescribingJson object at 0x0000013DFE2D1C40>, <snowplow_tracker.self_describing_json.SelfDescribingJson object at 0x0000013DFE7D1940>, <snowplow_tracker.self_describing_json.SelfDescribingJson object at 0x0000013D86932340>]}
[0m11:53:18.697997 [debug] [MainThread]: Flushing usage events
[0m11:54:19.056978 [debug] [MainThread]: Sending event: {'category': 'dbt', 'action': 'invocation', 'label': 'start', 'context': [<snowplow_tracker.self_describing_json.SelfDescribingJson object at 0x00000216B18D1C10>, <snowplow_tracker.self_describing_json.SelfDescribingJson object at 0x00000216B4392B50>, <snowplow_tracker.self_describing_json.SelfDescribingJson object at 0x00000216B4392D90>]}


============================== 11:54:19.063995 | 856664fc-ea42-43ee-8aee-8d56b6425af1 ==============================
[0m11:54:19.063995 [info ] [MainThread]: Running with dbt=1.8.6
[0m11:54:19.065974 [debug] [MainThread]: running dbt with arguments {'printer_width': '80', 'indirect_selection': 'eager', 'write_json': 'True', 'log_cache_events': 'False', 'partial_parse': 'True', 'cache_selected_only': 'False', 'profiles_dir': 'C:\\Users\\hp\\.dbt', 'debug': 'False', 'version_check': 'True', 'log_path': 'C:\\Users\\hp\\Desktop\\Superside_HR_Manager\\logs', 'warn_error': 'None', 'fail_fast': 'False', 'use_colors': 'True', 'use_experimental_parser': 'False', 'no_print': 'None', 'quiet': 'False', 'empty': 'False', 'log_format': 'default', 'static_parser': 'True', 'invocation_command': 'dbt run', 'introspect': 'True', 'target_path': 'None', 'warn_error_options': 'WarnErrorOptions(include=[], exclude=[])', 'send_anonymous_usage_stats': 'True'}
[0m11:54:22.610279 [debug] [MainThread]: Sending event: {'category': 'dbt', 'action': 'project_id', 'label': '856664fc-ea42-43ee-8aee-8d56b6425af1', 'context': [<snowplow_tracker.self_describing_json.SelfDescribingJson object at 0x00000216B224F820>]}
[0m11:54:22.692210 [debug] [MainThread]: Sending event: {'category': 'dbt', 'action': 'adapter_info', 'label': '856664fc-ea42-43ee-8aee-8d56b6425af1', 'context': [<snowplow_tracker.self_describing_json.SelfDescribingJson object at 0x00000216B436C1F0>]}
[0m11:54:22.694211 [info ] [MainThread]: Registered adapter: bigquery=1.8.2
[0m11:54:22.713028 [debug] [MainThread]: checksum: 2f2fb10c73cafe3e79aa104295a8244291492b32b5598ce46af770f7d0bd5194, vars: {}, profile: , target: , version: 1.8.6
[0m11:54:23.000491 [debug] [MainThread]: Partial parsing enabled: 0 files deleted, 0 files added, 0 files changed.
[0m11:54:23.001491 [debug] [MainThread]: Partial parsing enabled, no changes found, skipping parsing
[0m11:54:23.012487 [debug] [MainThread]: Sending event: {'category': 'dbt', 'action': 'load_project', 'label': '856664fc-ea42-43ee-8aee-8d56b6425af1', 'context': [<snowplow_tracker.self_describing_json.SelfDescribingJson object at 0x00000216BA0F8FD0>]}
[0m11:54:23.226956 [debug] [MainThread]: Sending event: {'category': 'dbt', 'action': 'resource_counts', 'label': '856664fc-ea42-43ee-8aee-8d56b6425af1', 'context': [<snowplow_tracker.self_describing_json.SelfDescribingJson object at 0x00000216B84F2B80>]}
[0m11:54:23.228956 [info ] [MainThread]: Found 476 macros
[0m11:54:23.230958 [debug] [MainThread]: Sending event: {'category': 'dbt', 'action': 'runnable_timing', 'label': '856664fc-ea42-43ee-8aee-8d56b6425af1', 'context': [<snowplow_tracker.self_describing_json.SelfDescribingJson object at 0x00000216B84F2A90>]}
[0m11:54:23.232957 [info ] [MainThread]: 
[0m11:54:23.234957 [warn ] [MainThread]: Nothing to do. Try checking your model configs and model specification args
[0m11:54:23.241163 [debug] [MainThread]: Command end result
[0m11:54:23.300483 [debug] [MainThread]: Command `dbt run` succeeded at 11:54:23.299464 after 4.36 seconds
[0m11:54:23.302459 [debug] [MainThread]: Sending event: {'category': 'dbt', 'action': 'invocation', 'label': 'end', 'context': [<snowplow_tracker.self_describing_json.SelfDescribingJson object at 0x00000216B18D1C10>, <snowplow_tracker.self_describing_json.SelfDescribingJson object at 0x00000216B37BC940>, <snowplow_tracker.self_describing_json.SelfDescribingJson object at 0x00000216B1DD2EB0>]}
[0m11:54:23.303459 [debug] [MainThread]: Flushing usage events
[0m12:00:59.452942 [debug] [MainThread]: Sending event: {'category': 'dbt', 'action': 'invocation', 'label': 'start', 'context': [<snowplow_tracker.self_describing_json.SelfDescribingJson object at 0x0000027CA3C31BB0>, <snowplow_tracker.self_describing_json.SelfDescribingJson object at 0x0000027CA66F3C10>, <snowplow_tracker.self_describing_json.SelfDescribingJson object at 0x0000027CA66F3EE0>]}


============================== 12:00:59.459431 | 86aa2c10-79eb-4519-89b7-5314a65956e0 ==============================
[0m12:00:59.459431 [info ] [MainThread]: Running with dbt=1.8.6
[0m12:00:59.462431 [debug] [MainThread]: running dbt with arguments {'printer_width': '80', 'indirect_selection': 'eager', 'log_cache_events': 'False', 'write_json': 'True', 'partial_parse': 'True', 'cache_selected_only': 'False', 'profiles_dir': 'C:\\Users\\hp\\.dbt', 'debug': 'False', 'version_check': 'True', 'log_path': 'C:\\Users\\hp\\Desktop\\Superside_HR_Manager\\logs', 'warn_error': 'None', 'fail_fast': 'False', 'use_colors': 'True', 'use_experimental_parser': 'False', 'no_print': 'None', 'quiet': 'False', 'empty': 'False', 'log_format': 'default', 'static_parser': 'True', 'introspect': 'True', 'invocation_command': 'dbt run', 'target_path': 'None', 'warn_error_options': 'WarnErrorOptions(include=[], exclude=[])', 'send_anonymous_usage_stats': 'True'}
[0m12:01:03.501357 [debug] [MainThread]: Sending event: {'category': 'dbt', 'action': 'project_id', 'label': '86aa2c10-79eb-4519-89b7-5314a65956e0', 'context': [<snowplow_tracker.self_describing_json.SelfDescribingJson object at 0x0000027CA37F3250>]}
[0m12:01:03.641277 [debug] [MainThread]: Sending event: {'category': 'dbt', 'action': 'adapter_info', 'label': '86aa2c10-79eb-4519-89b7-5314a65956e0', 'context': [<snowplow_tracker.self_describing_json.SelfDescribingJson object at 0x0000027CA391EF70>]}
[0m12:01:03.644276 [info ] [MainThread]: Registered adapter: bigquery=1.8.2
[0m12:01:03.676258 [debug] [MainThread]: checksum: 2f2fb10c73cafe3e79aa104295a8244291492b32b5598ce46af770f7d0bd5194, vars: {}, profile: , target: , version: 1.8.6
[0m12:01:03.998364 [debug] [MainThread]: Partial parsing enabled: 0 files deleted, 0 files added, 0 files changed.
[0m12:01:03.999363 [debug] [MainThread]: Partial parsing enabled, no changes found, skipping parsing
[0m12:01:04.013358 [debug] [MainThread]: Sending event: {'category': 'dbt', 'action': 'load_project', 'label': '86aa2c10-79eb-4519-89b7-5314a65956e0', 'context': [<snowplow_tracker.self_describing_json.SelfDescribingJson object at 0x0000027CAC458F40>]}
[0m12:01:04.240727 [debug] [MainThread]: Sending event: {'category': 'dbt', 'action': 'resource_counts', 'label': '86aa2c10-79eb-4519-89b7-5314a65956e0', 'context': [<snowplow_tracker.self_describing_json.SelfDescribingJson object at 0x0000027CA391F9D0>]}
[0m12:01:04.242726 [info ] [MainThread]: Found 476 macros
[0m12:01:04.246724 [debug] [MainThread]: Sending event: {'category': 'dbt', 'action': 'runnable_timing', 'label': '86aa2c10-79eb-4519-89b7-5314a65956e0', 'context': [<snowplow_tracker.self_describing_json.SelfDescribingJson object at 0x0000027CAAF83FD0>]}
[0m12:01:04.249724 [info ] [MainThread]: 
[0m12:01:04.251725 [warn ] [MainThread]: Nothing to do. Try checking your model configs and model specification args
[0m12:01:04.258737 [debug] [MainThread]: Command end result
[0m12:01:04.332675 [debug] [MainThread]: Command `dbt run` succeeded at 12:01:04.332675 after 5.00 seconds
[0m12:01:04.334680 [debug] [MainThread]: Sending event: {'category': 'dbt', 'action': 'invocation', 'label': 'end', 'context': [<snowplow_tracker.self_describing_json.SelfDescribingJson object at 0x0000027CA3C31BB0>, <snowplow_tracker.self_describing_json.SelfDescribingJson object at 0x0000027CAB12BD60>, <snowplow_tracker.self_describing_json.SelfDescribingJson object at 0x0000027CAA779F10>]}
[0m12:01:04.335673 [debug] [MainThread]: Flushing usage events
[0m12:02:28.799164 [debug] [MainThread]: Sending event: {'category': 'dbt', 'action': 'invocation', 'label': 'start', 'context': [<snowplow_tracker.self_describing_json.SelfDescribingJson object at 0x000001FD4A721C40>, <snowplow_tracker.self_describing_json.SelfDescribingJson object at 0x000001FD4D1E2AF0>, <snowplow_tracker.self_describing_json.SelfDescribingJson object at 0x000001FD4D1E2D60>]}


============================== 12:02:28.805158 | d6b50e52-5b21-4a77-9bdd-bf9aea80aed1 ==============================
[0m12:02:28.805158 [info ] [MainThread]: Running with dbt=1.8.6
[0m12:02:28.807136 [debug] [MainThread]: running dbt with arguments {'printer_width': '80', 'indirect_selection': 'eager', 'write_json': 'True', 'log_cache_events': 'False', 'partial_parse': 'True', 'cache_selected_only': 'False', 'profiles_dir': 'C:\\Users\\hp\\.dbt', 'debug': 'False', 'version_check': 'True', 'log_path': 'C:\\Users\\hp\\Desktop\\Superside_HR_Manager\\logs', 'fail_fast': 'False', 'warn_error': 'None', 'use_colors': 'True', 'use_experimental_parser': 'False', 'no_print': 'None', 'quiet': 'False', 'empty': 'False', 'log_format': 'default', 'invocation_command': 'dbt compile', 'introspect': 'True', 'static_parser': 'True', 'target_path': 'None', 'warn_error_options': 'WarnErrorOptions(include=[], exclude=[])', 'send_anonymous_usage_stats': 'True'}
[0m12:02:32.374672 [debug] [MainThread]: Sending event: {'category': 'dbt', 'action': 'project_id', 'label': 'd6b50e52-5b21-4a77-9bdd-bf9aea80aed1', 'context': [<snowplow_tracker.self_describing_json.SelfDescribingJson object at 0x000001FD4AB01BB0>]}
[0m12:02:32.462620 [debug] [MainThread]: Sending event: {'category': 'dbt', 'action': 'adapter_info', 'label': 'd6b50e52-5b21-4a77-9bdd-bf9aea80aed1', 'context': [<snowplow_tracker.self_describing_json.SelfDescribingJson object at 0x000001FD4D1ADFD0>]}
[0m12:02:32.464640 [info ] [MainThread]: Registered adapter: bigquery=1.8.2
[0m12:02:32.481731 [debug] [MainThread]: checksum: 2f2fb10c73cafe3e79aa104295a8244291492b32b5598ce46af770f7d0bd5194, vars: {}, profile: , target: , version: 1.8.6
[0m12:02:32.760086 [debug] [MainThread]: Partial parsing enabled: 0 files deleted, 0 files added, 0 files changed.
[0m12:02:32.761085 [debug] [MainThread]: Partial parsing enabled, no changes found, skipping parsing
[0m12:02:32.770079 [debug] [MainThread]: Sending event: {'category': 'dbt', 'action': 'load_project', 'label': 'd6b50e52-5b21-4a77-9bdd-bf9aea80aed1', 'context': [<snowplow_tracker.self_describing_json.SelfDescribingJson object at 0x000001FD52F48130>]}
[0m12:02:32.977601 [debug] [MainThread]: Sending event: {'category': 'dbt', 'action': 'resource_counts', 'label': 'd6b50e52-5b21-4a77-9bdd-bf9aea80aed1', 'context': [<snowplow_tracker.self_describing_json.SelfDescribingJson object at 0x000001FD4A41B910>]}
[0m12:02:32.979601 [info ] [MainThread]: Found 476 macros
[0m12:02:32.981599 [debug] [MainThread]: Sending event: {'category': 'dbt', 'action': 'runnable_timing', 'label': 'd6b50e52-5b21-4a77-9bdd-bf9aea80aed1', 'context': [<snowplow_tracker.self_describing_json.SelfDescribingJson object at 0x000001FD52CF6040>]}
[0m12:02:32.984597 [info ] [MainThread]: 
[0m12:02:32.986597 [warn ] [MainThread]: Nothing to do. Try checking your model configs and model specification args
[0m12:02:32.993597 [debug] [MainThread]: Command end result
[0m12:02:33.054066 [debug] [MainThread]: Command `dbt compile` succeeded at 12:02:33.054066 after 4.37 seconds
[0m12:02:33.055066 [debug] [MainThread]: Sending event: {'category': 'dbt', 'action': 'invocation', 'label': 'end', 'context': [<snowplow_tracker.self_describing_json.SelfDescribingJson object at 0x000001FD4A721C40>, <snowplow_tracker.self_describing_json.SelfDescribingJson object at 0x000001FD4A41B910>, <snowplow_tracker.self_describing_json.SelfDescribingJson object at 0x000001FD511D80D0>]}
[0m12:02:33.057064 [debug] [MainThread]: Flushing usage events
[0m12:04:47.998855 [debug] [MainThread]: Sending event: {'category': 'dbt', 'action': 'invocation', 'label': 'start', 'context': [<snowplow_tracker.self_describing_json.SelfDescribingJson object at 0x0000017449A71C10>, <snowplow_tracker.self_describing_json.SelfDescribingJson object at 0x000001744C534B20>, <snowplow_tracker.self_describing_json.SelfDescribingJson object at 0x000001744C534D90>]}


============================== 12:04:48.004756 | 5e56dcd5-c5c2-4f97-95c1-25747bd2169d ==============================
[0m12:04:48.004756 [info ] [MainThread]: Running with dbt=1.8.6
[0m12:04:48.007443 [debug] [MainThread]: running dbt with arguments {'printer_width': '80', 'indirect_selection': 'eager', 'write_json': 'True', 'log_cache_events': 'False', 'partial_parse': 'True', 'cache_selected_only': 'False', 'profiles_dir': 'C:\\Users\\hp\\.dbt', 'debug': 'False', 'warn_error': 'None', 'log_path': 'C:\\Users\\hp\\Desktop\\Superside_HR_Manager\\logs', 'version_check': 'True', 'fail_fast': 'False', 'use_colors': 'True', 'use_experimental_parser': 'False', 'empty': 'False', 'quiet': 'False', 'no_print': 'None', 'warn_error_options': 'WarnErrorOptions(include=[], exclude=[])', 'invocation_command': 'dbt run --select staging.stg_db_staff.sql', 'log_format': 'default', 'static_parser': 'True', 'target_path': 'None', 'introspect': 'True', 'send_anonymous_usage_stats': 'True'}
[0m12:04:51.853426 [debug] [MainThread]: Sending event: {'category': 'dbt', 'action': 'project_id', 'label': '5e56dcd5-c5c2-4f97-95c1-25747bd2169d', 'context': [<snowplow_tracker.self_describing_json.SelfDescribingJson object at 0x0000017450F92A60>]}
[0m12:04:51.937357 [debug] [MainThread]: Sending event: {'category': 'dbt', 'action': 'adapter_info', 'label': '5e56dcd5-c5c2-4f97-95c1-25747bd2169d', 'context': [<snowplow_tracker.self_describing_json.SelfDescribingJson object at 0x000001744C50F220>]}
[0m12:04:51.939359 [info ] [MainThread]: Registered adapter: bigquery=1.8.2
[0m12:04:51.955085 [debug] [MainThread]: checksum: 2f2fb10c73cafe3e79aa104295a8244291492b32b5598ce46af770f7d0bd5194, vars: {}, profile: , target: , version: 1.8.6
[0m12:04:52.244809 [debug] [MainThread]: Partial parsing enabled: 0 files deleted, 0 files added, 0 files changed.
[0m12:04:52.245809 [debug] [MainThread]: Partial parsing enabled, no changes found, skipping parsing
[0m12:04:52.254804 [debug] [MainThread]: Sending event: {'category': 'dbt', 'action': 'load_project', 'label': '5e56dcd5-c5c2-4f97-95c1-25747bd2169d', 'context': [<snowplow_tracker.self_describing_json.SelfDescribingJson object at 0x000001745229B130>]}
[0m12:04:52.475769 [debug] [MainThread]: Sending event: {'category': 'dbt', 'action': 'resource_counts', 'label': '5e56dcd5-c5c2-4f97-95c1-25747bd2169d', 'context': [<snowplow_tracker.self_describing_json.SelfDescribingJson object at 0x0000017450FDCC70>]}
[0m12:04:52.476768 [info ] [MainThread]: Found 476 macros
[0m12:04:52.479766 [debug] [MainThread]: Sending event: {'category': 'dbt', 'action': 'runnable_timing', 'label': '5e56dcd5-c5c2-4f97-95c1-25747bd2169d', 'context': [<snowplow_tracker.self_describing_json.SelfDescribingJson object at 0x000001745219C4F0>]}
[0m12:04:52.481764 [warn ] [MainThread]: The selection criterion 'staging.stg_db_staff.sql' does not match any enabled nodes
[0m12:04:52.485764 [info ] [MainThread]: 
[0m12:04:52.489760 [warn ] [MainThread]: Nothing to do. Try checking your model configs and model specification args
[0m12:04:52.493778 [debug] [MainThread]: Command end result
[0m12:04:52.554723 [debug] [MainThread]: Command `dbt run` succeeded at 12:04:52.553723 after 4.68 seconds
[0m12:04:52.555722 [debug] [MainThread]: Sending event: {'category': 'dbt', 'action': 'invocation', 'label': 'end', 'context': [<snowplow_tracker.self_describing_json.SelfDescribingJson object at 0x0000017449A71C10>, <snowplow_tracker.self_describing_json.SelfDescribingJson object at 0x0000017451004A60>, <snowplow_tracker.self_describing_json.SelfDescribingJson object at 0x000001744B95D940>]}
[0m12:04:52.556744 [debug] [MainThread]: Flushing usage events
[0m12:05:59.527434 [debug] [MainThread]: Sending event: {'category': 'dbt', 'action': 'invocation', 'label': 'start', 'context': [<snowplow_tracker.self_describing_json.SelfDescribingJson object at 0x000001EFE9944B80>, <snowplow_tracker.self_describing_json.SelfDescribingJson object at 0x000001EFEA2AEFA0>, <snowplow_tracker.self_describing_json.SelfDescribingJson object at 0x000001EFEC402CD0>]}


============================== 12:05:59.533209 | d0ee8ba2-1982-429d-a1a7-1452e4461583 ==============================
[0m12:05:59.533209 [info ] [MainThread]: Running with dbt=1.8.6
[0m12:05:59.536305 [debug] [MainThread]: running dbt with arguments {'printer_width': '80', 'indirect_selection': 'eager', 'write_json': 'True', 'log_cache_events': 'False', 'partial_parse': 'True', 'cache_selected_only': 'False', 'profiles_dir': 'C:\\Users\\hp\\.dbt', 'version_check': 'True', 'debug': 'False', 'log_path': 'C:\\Users\\hp\\Desktop\\Superside_HR_Manager\\logs', 'fail_fast': 'False', 'warn_error': 'None', 'use_colors': 'True', 'use_experimental_parser': 'False', 'empty': 'False', 'quiet': 'False', 'no_print': 'None', 'warn_error_options': 'WarnErrorOptions(include=[], exclude=[])', 'invocation_command': 'dbt run', 'log_format': 'default', 'introspect': 'True', 'target_path': 'None', 'static_parser': 'True', 'send_anonymous_usage_stats': 'True'}
[0m12:06:03.129584 [debug] [MainThread]: Sending event: {'category': 'dbt', 'action': 'project_id', 'label': 'd0ee8ba2-1982-429d-a1a7-1452e4461583', 'context': [<snowplow_tracker.self_describing_json.SelfDescribingJson object at 0x000001EFE9D223A0>]}
[0m12:06:03.214535 [debug] [MainThread]: Sending event: {'category': 'dbt', 'action': 'adapter_info', 'label': 'd0ee8ba2-1982-429d-a1a7-1452e4461583', 'context': [<snowplow_tracker.self_describing_json.SelfDescribingJson object at 0x000001EFEC3DD040>]}
[0m12:06:03.215515 [info ] [MainThread]: Registered adapter: bigquery=1.8.2
[0m12:06:03.234869 [debug] [MainThread]: checksum: 2f2fb10c73cafe3e79aa104295a8244291492b32b5598ce46af770f7d0bd5194, vars: {}, profile: , target: , version: 1.8.6
[0m12:06:03.515418 [debug] [MainThread]: Partial parsing enabled: 0 files deleted, 0 files added, 0 files changed.
[0m12:06:03.516418 [debug] [MainThread]: Partial parsing enabled, no changes found, skipping parsing
[0m12:06:03.525413 [debug] [MainThread]: Sending event: {'category': 'dbt', 'action': 'load_project', 'label': 'd0ee8ba2-1982-429d-a1a7-1452e4461583', 'context': [<snowplow_tracker.self_describing_json.SelfDescribingJson object at 0x000001EFF2168F10>]}
[0m12:06:03.740232 [debug] [MainThread]: Sending event: {'category': 'dbt', 'action': 'resource_counts', 'label': 'd0ee8ba2-1982-429d-a1a7-1452e4461583', 'context': [<snowplow_tracker.self_describing_json.SelfDescribingJson object at 0x000001EFF0DF8C40>]}
[0m12:06:03.742230 [info ] [MainThread]: Found 476 macros
[0m12:06:03.745229 [debug] [MainThread]: Sending event: {'category': 'dbt', 'action': 'runnable_timing', 'label': 'd0ee8ba2-1982-429d-a1a7-1452e4461583', 'context': [<snowplow_tracker.self_describing_json.SelfDescribingJson object at 0x000001EFF21683D0>]}
[0m12:06:03.747227 [info ] [MainThread]: 
[0m12:06:03.750227 [warn ] [MainThread]: Nothing to do. Try checking your model configs and model specification args
[0m12:06:03.756223 [debug] [MainThread]: Command end result
[0m12:06:03.821185 [debug] [MainThread]: Command `dbt run` succeeded at 12:06:03.820185 after 4.41 seconds
[0m12:06:03.822184 [debug] [MainThread]: Sending event: {'category': 'dbt', 'action': 'invocation', 'label': 'end', 'context': [<snowplow_tracker.self_describing_json.SelfDescribingJson object at 0x000001EFE9944B80>, <snowplow_tracker.self_describing_json.SelfDescribingJson object at 0x000001EFF0DE6FD0>, <snowplow_tracker.self_describing_json.SelfDescribingJson object at 0x000001EFE9E10CA0>]}
[0m12:06:03.823184 [debug] [MainThread]: Flushing usage events
[0m12:11:49.799242 [debug] [MainThread]: Sending event: {'category': 'dbt', 'action': 'invocation', 'label': 'start', 'context': [<snowplow_tracker.self_describing_json.SelfDescribingJson object at 0x0000021CE1652BB0>, <snowplow_tracker.self_describing_json.SelfDescribingJson object at 0x0000021CE4111CA0>, <snowplow_tracker.self_describing_json.SelfDescribingJson object at 0x0000021CE4111E80>]}


============================== 12:11:49.807238 | 8eaccf12-a6d8-41db-8102-a16e419c772a ==============================
[0m12:11:49.807238 [info ] [MainThread]: Running with dbt=1.8.6
[0m12:11:49.810237 [debug] [MainThread]: running dbt with arguments {'printer_width': '80', 'indirect_selection': 'eager', 'write_json': 'True', 'log_cache_events': 'False', 'partial_parse': 'True', 'cache_selected_only': 'False', 'warn_error': 'None', 'debug': 'False', 'profiles_dir': 'C:\\Users\\hp\\.dbt', 'log_path': 'C:\\Users\\hp\\Desktop\\Superside_HR_Manager\\logs', 'fail_fast': 'False', 'version_check': 'True', 'use_colors': 'True', 'use_experimental_parser': 'False', 'empty': 'False', 'quiet': 'False', 'no_print': 'None', 'log_format': 'default', 'static_parser': 'True', 'invocation_command': 'dbt run', 'warn_error_options': 'WarnErrorOptions(include=[], exclude=[])', 'target_path': 'None', 'introspect': 'True', 'send_anonymous_usage_stats': 'True'}
[0m12:11:53.513143 [debug] [MainThread]: Sending event: {'category': 'dbt', 'action': 'project_id', 'label': '8eaccf12-a6d8-41db-8102-a16e419c772a', 'context': [<snowplow_tracker.self_describing_json.SelfDescribingJson object at 0x0000021CE8B5DB80>]}
[0m12:11:53.600093 [debug] [MainThread]: Sending event: {'category': 'dbt', 'action': 'adapter_info', 'label': '8eaccf12-a6d8-41db-8102-a16e419c772a', 'context': [<snowplow_tracker.self_describing_json.SelfDescribingJson object at 0x0000021CE3DC9AC0>]}
[0m12:11:53.601091 [info ] [MainThread]: Registered adapter: bigquery=1.8.2
[0m12:11:53.622082 [debug] [MainThread]: checksum: 2f2fb10c73cafe3e79aa104295a8244291492b32b5598ce46af770f7d0bd5194, vars: {}, profile: , target: , version: 1.8.6
[0m12:11:53.912345 [debug] [MainThread]: Partial parsing enabled: 0 files deleted, 0 files added, 0 files changed.
[0m12:11:53.913345 [debug] [MainThread]: Partial parsing enabled, no changes found, skipping parsing
[0m12:11:53.922340 [debug] [MainThread]: Sending event: {'category': 'dbt', 'action': 'load_project', 'label': '8eaccf12-a6d8-41db-8102-a16e419c772a', 'context': [<snowplow_tracker.self_describing_json.SelfDescribingJson object at 0x0000021CE9E78FA0>]}
[0m12:11:54.156711 [debug] [MainThread]: Sending event: {'category': 'dbt', 'action': 'resource_counts', 'label': '8eaccf12-a6d8-41db-8102-a16e419c772a', 'context': [<snowplow_tracker.self_describing_json.SelfDescribingJson object at 0x0000021CE895B220>]}
[0m12:11:54.158711 [info ] [MainThread]: Found 476 macros
[0m12:11:54.160710 [debug] [MainThread]: Sending event: {'category': 'dbt', 'action': 'runnable_timing', 'label': '8eaccf12-a6d8-41db-8102-a16e419c772a', 'context': [<snowplow_tracker.self_describing_json.SelfDescribingJson object at 0x0000021CE8A42E20>]}
[0m12:11:54.162708 [info ] [MainThread]: 
[0m12:11:54.164706 [warn ] [MainThread]: Nothing to do. Try checking your model configs and model specification args
[0m12:11:54.173701 [debug] [MainThread]: Command end result
[0m12:11:54.231982 [debug] [MainThread]: Command `dbt run` succeeded at 12:11:54.231982 after 4.55 seconds
[0m12:11:54.233980 [debug] [MainThread]: Sending event: {'category': 'dbt', 'action': 'invocation', 'label': 'end', 'context': [<snowplow_tracker.self_describing_json.SelfDescribingJson object at 0x0000021CE1652BB0>, <snowplow_tracker.self_describing_json.SelfDescribingJson object at 0x0000021CE1D460D0>, <snowplow_tracker.self_describing_json.SelfDescribingJson object at 0x0000021CE7ED1E50>]}
[0m12:11:54.235982 [debug] [MainThread]: Flushing usage events
[0m12:12:23.731061 [debug] [MainThread]: Sending event: {'category': 'dbt', 'action': 'invocation', 'label': 'start', 'context': [<snowplow_tracker.self_describing_json.SelfDescribingJson object at 0x000002304CD01BE0>, <snowplow_tracker.self_describing_json.SelfDescribingJson object at 0x000002304E658250>, <snowplow_tracker.self_describing_json.SelfDescribingJson object at 0x000002304C9F8130>]}


============================== 12:12:23.740076 | 5ca83cbb-90a4-49c1-bc8f-43c9fc13edaa ==============================
[0m12:12:23.740076 [info ] [MainThread]: Running with dbt=1.8.6
[0m12:12:23.743054 [debug] [MainThread]: running dbt with arguments {'printer_width': '80', 'indirect_selection': 'eager', 'write_json': 'True', 'log_cache_events': 'False', 'partial_parse': 'True', 'cache_selected_only': 'False', 'profiles_dir': 'C:\\Users\\hp\\.dbt', 'debug': 'False', 'version_check': 'True', 'log_path': 'C:\\Users\\hp\\Desktop\\Superside_HR_Manager\\logs', 'fail_fast': 'False', 'warn_error': 'None', 'use_colors': 'True', 'use_experimental_parser': 'False', 'no_print': 'None', 'quiet': 'False', 'empty': 'False', 'log_format': 'default', 'invocation_command': 'dbt run', 'introspect': 'True', 'warn_error_options': 'WarnErrorOptions(include=[], exclude=[])', 'target_path': 'None', 'static_parser': 'True', 'send_anonymous_usage_stats': 'True'}
[0m12:12:27.930111 [debug] [MainThread]: Sending event: {'category': 'dbt', 'action': 'project_id', 'label': '5ca83cbb-90a4-49c1-bc8f-43c9fc13edaa', 'context': [<snowplow_tracker.self_describing_json.SelfDescribingJson object at 0x000002304D0E1880>]}
[0m12:12:28.046044 [debug] [MainThread]: Sending event: {'category': 'dbt', 'action': 'adapter_info', 'label': '5ca83cbb-90a4-49c1-bc8f-43c9fc13edaa', 'context': [<snowplow_tracker.self_describing_json.SelfDescribingJson object at 0x000002304924BAC0>]}
[0m12:12:28.048046 [info ] [MainThread]: Registered adapter: bigquery=1.8.2
[0m12:12:28.067032 [debug] [MainThread]: checksum: 2f2fb10c73cafe3e79aa104295a8244291492b32b5598ce46af770f7d0bd5194, vars: {}, profile: , target: , version: 1.8.6
[0m12:12:28.440919 [debug] [MainThread]: Partial parsing enabled: 0 files deleted, 0 files added, 0 files changed.
[0m12:12:28.441919 [debug] [MainThread]: Partial parsing enabled, no changes found, skipping parsing
[0m12:12:28.449912 [debug] [MainThread]: Sending event: {'category': 'dbt', 'action': 'load_project', 'label': '5ca83cbb-90a4-49c1-bc8f-43c9fc13edaa', 'context': [<snowplow_tracker.self_describing_json.SelfDescribingJson object at 0x0000023055528FA0>]}
[0m12:12:28.680336 [debug] [MainThread]: Sending event: {'category': 'dbt', 'action': 'resource_counts', 'label': '5ca83cbb-90a4-49c1-bc8f-43c9fc13edaa', 'context': [<snowplow_tracker.self_describing_json.SelfDescribingJson object at 0x00000230541B7D00>]}
[0m12:12:28.682338 [info ] [MainThread]: Found 476 macros
[0m12:12:28.685333 [debug] [MainThread]: Sending event: {'category': 'dbt', 'action': 'runnable_timing', 'label': '5ca83cbb-90a4-49c1-bc8f-43c9fc13edaa', 'context': [<snowplow_tracker.self_describing_json.SelfDescribingJson object at 0x000002304D3F5100>]}
[0m12:12:28.689351 [info ] [MainThread]: 
[0m12:12:28.691697 [warn ] [MainThread]: Nothing to do. Try checking your model configs and model specification args
[0m12:12:28.695301 [debug] [MainThread]: Command end result
[0m12:12:28.769258 [debug] [MainThread]: Command `dbt run` succeeded at 12:12:28.769258 after 5.16 seconds
[0m12:12:28.771257 [debug] [MainThread]: Sending event: {'category': 'dbt', 'action': 'invocation', 'label': 'end', 'context': [<snowplow_tracker.self_describing_json.SelfDescribingJson object at 0x000002304CD01BE0>, <snowplow_tracker.self_describing_json.SelfDescribingJson object at 0x000002304924BC40>, <snowplow_tracker.self_describing_json.SelfDescribingJson object at 0x000002304D240CD0>]}
[0m12:12:28.773256 [debug] [MainThread]: Flushing usage events
[0m12:15:46.561962 [debug] [MainThread]: Sending event: {'category': 'dbt', 'action': 'invocation', 'label': 'start', 'context': [<snowplow_tracker.self_describing_json.SelfDescribingJson object at 0x000001B0C7054B80>, <snowplow_tracker.self_describing_json.SelfDescribingJson object at 0x000001B0C79BF370>, <snowplow_tracker.self_describing_json.SelfDescribingJson object at 0x000001B0C6D3D8B0>]}


============================== 12:15:46.567962 | bf79e187-a2ad-4f9c-9af9-71fef09c4bee ==============================
[0m12:15:46.567962 [info ] [MainThread]: Running with dbt=1.8.6
[0m12:15:46.569961 [debug] [MainThread]: running dbt with arguments {'printer_width': '80', 'indirect_selection': 'eager', 'write_json': 'True', 'log_cache_events': 'False', 'partial_parse': 'True', 'cache_selected_only': 'False', 'warn_error': 'None', 'debug': 'False', 'version_check': 'True', 'log_path': 'C:\\Users\\hp\\Desktop\\Superside_HR_Manager\\logs', 'fail_fast': 'False', 'profiles_dir': 'C:\\Users\\hp\\.dbt', 'use_colors': 'True', 'use_experimental_parser': 'False', 'no_print': 'None', 'quiet': 'False', 'empty': 'None', 'warn_error_options': 'WarnErrorOptions(include=[], exclude=[])', 'invocation_command': 'dbt deps', 'log_format': 'default', 'static_parser': 'True', 'target_path': 'None', 'introspect': 'True', 'send_anonymous_usage_stats': 'True'}
[0m12:15:46.953763 [debug] [MainThread]: Sending event: {'category': 'dbt', 'action': 'project_id', 'label': 'bf79e187-a2ad-4f9c-9af9-71fef09c4bee', 'context': [<snowplow_tracker.self_describing_json.SelfDescribingJson object at 0x000001B0C97F9700>]}
[0m12:15:47.317608 [info ] [MainThread]: Warning: No packages were found in packages.yml
[0m12:15:47.320638 [info ] [MainThread]: Warning: No packages were found in packages.yml
[0m12:15:47.323657 [debug] [MainThread]: Command `dbt deps` succeeded at 12:15:47.323657 after 0.88 seconds
[0m12:15:47.324658 [debug] [MainThread]: Sending event: {'category': 'dbt', 'action': 'invocation', 'label': 'end', 'context': [<snowplow_tracker.self_describing_json.SelfDescribingJson object at 0x000001B0C7054B80>, <snowplow_tracker.self_describing_json.SelfDescribingJson object at 0x000001B0C9AD0730>, <snowplow_tracker.self_describing_json.SelfDescribingJson object at 0x000001B0C9C31400>]}
[0m12:15:47.326634 [debug] [MainThread]: Flushing usage events
[0m12:22:16.935320 [debug] [MainThread]: Sending event: {'category': 'dbt', 'action': 'invocation', 'label': 'start', 'context': [<snowplow_tracker.self_describing_json.SelfDescribingJson object at 0x00000193ECE01C40>, <snowplow_tracker.self_describing_json.SelfDescribingJson object at 0x00000193ED7915B0>, <snowplow_tracker.self_describing_json.SelfDescribingJson object at 0x00000193ECAC5E20>]}


============================== 12:22:16.946311 | 086cac6a-6f1e-4ab8-808f-2d91292d12c4 ==============================
[0m12:22:16.946311 [info ] [MainThread]: Running with dbt=1.8.6
[0m12:22:16.948314 [debug] [MainThread]: running dbt with arguments {'printer_width': '80', 'indirect_selection': 'eager', 'write_json': 'True', 'log_cache_events': 'False', 'partial_parse': 'True', 'cache_selected_only': 'False', 'warn_error': 'None', 'fail_fast': 'False', 'debug': 'False', 'log_path': 'C:\\Users\\hp\\Desktop\\Superside_HR_Manager\\logs', 'profiles_dir': 'C:\\Users\\hp\\.dbt', 'version_check': 'True', 'use_colors': 'True', 'use_experimental_parser': 'False', 'no_print': 'None', 'quiet': 'False', 'empty': 'None', 'warn_error_options': 'WarnErrorOptions(include=[], exclude=[])', 'invocation_command': 'dbt debug', 'introspect': 'True', 'log_format': 'default', 'target_path': 'None', 'static_parser': 'True', 'send_anonymous_usage_stats': 'True'}
[0m12:22:16.991284 [info ] [MainThread]: dbt version: 1.8.6
[0m12:22:16.993285 [info ] [MainThread]: python version: 3.9.19
[0m12:22:16.995284 [info ] [MainThread]: python path: C:\Users\hp\anaconda3\python.exe
[0m12:22:16.997283 [info ] [MainThread]: os info: Windows-10-10.0.19045-SP0
[0m12:22:20.518102 [info ] [MainThread]: Using profiles dir at C:\Users\hp\.dbt
[0m12:22:20.519984 [info ] [MainThread]: Using profiles.yml file at C:\Users\hp\.dbt\profiles.yml
[0m12:22:20.520985 [info ] [MainThread]: Using dbt_project.yml file at C:\Users\hp\Desktop\Superside_HR_Manager\dbt_project.yml
[0m12:22:20.522984 [info ] [MainThread]: adapter type: bigquery
[0m12:22:20.524983 [info ] [MainThread]: adapter version: 1.8.2
[0m12:22:20.691906 [info ] [MainThread]: Configuration:
[0m12:22:20.693123 [info ] [MainThread]:   profiles.yml file [[32mOK found and valid[0m]
[0m12:22:20.695891 [info ] [MainThread]:   dbt_project.yml file [[32mOK found and valid[0m]
[0m12:22:20.698499 [info ] [MainThread]: Required dependencies:
[0m12:22:20.701497 [debug] [MainThread]: Executing "git --help"
[0m12:22:20.766481 [debug] [MainThread]: STDOUT: "b"usage: git [-v | --version] [-h | --help] [-C <path>] [-c <name>=<value>]\n           [--exec-path[=<path>]] [--html-path] [--man-path] [--info-path]\n           [-p | --paginate | -P | --no-pager] [--no-replace-objects] [--bare]\n           [--git-dir=<path>] [--work-tree=<path>] [--namespace=<name>]\n           [--config-env=<name>=<envvar>] <command> [<args>]\n\nThese are common Git commands used in various situations:\n\nstart a working area (see also: git help tutorial)\n   clone     Clone a repository into a new directory\n   init      Create an empty Git repository or reinitialize an existing one\n\nwork on the current change (see also: git help everyday)\n   add       Add file contents to the index\n   mv        Move or rename a file, a directory, or a symlink\n   restore   Restore working tree files\n   rm        Remove files from the working tree and from the index\n\nexamine the history and state (see also: git help revisions)\n   bisect    Use binary search to find the commit that introduced a bug\n   diff      Show changes between commits, commit and working tree, etc\n   grep      Print lines matching a pattern\n   log       Show commit logs\n   show      Show various types of objects\n   status    Show the working tree status\n\ngrow, mark and tweak your common history\n   branch    List, create, or delete branches\n   commit    Record changes to the repository\n   merge     Join two or more development histories together\n   rebase    Reapply commits on top of another base tip\n   reset     Reset current HEAD to the specified state\n   switch    Switch branches\n   tag       Create, list, delete or verify a tag object signed with GPG\n\ncollaborate (see also: git help workflows)\n   fetch     Download objects and refs from another repository\n   pull      Fetch from and integrate with another repository or a local branch\n   push      Update remote refs along with associated objects\n\n'git help -a' and 'git help -g' list available subcommands and some\nconcept guides. See 'git help <command>' or 'git help <concept>'\nto read about a specific subcommand or concept.\nSee 'git help git' for an overview of the system.\n""
[0m12:22:20.767461 [debug] [MainThread]: STDERR: "b''"
[0m12:22:20.768460 [info ] [MainThread]:  - git [[32mOK found[0m]

[0m12:22:20.770459 [info ] [MainThread]: Connection:
[0m12:22:20.772478 [info ] [MainThread]:   method: oauth
[0m12:22:20.773455 [info ] [MainThread]:   database: glass-mantra-128509
[0m12:22:20.776455 [info ] [MainThread]:   execution_project: glass-mantra-128509
[0m12:22:20.778453 [info ] [MainThread]:   schema: superside_hr
[0m12:22:20.781454 [info ] [MainThread]:   location: EU
[0m12:22:20.783450 [info ] [MainThread]:   priority: interactive
[0m12:22:20.785451 [info ] [MainThread]:   maximum_bytes_billed: None
[0m12:22:20.786465 [info ] [MainThread]:   impersonate_service_account: None
[0m12:22:20.788448 [info ] [MainThread]:   job_retry_deadline_seconds: None
[0m12:22:20.790449 [info ] [MainThread]:   job_retries: 1
[0m12:22:20.792447 [info ] [MainThread]:   job_creation_timeout_seconds: None
[0m12:22:20.793447 [info ] [MainThread]:   job_execution_timeout_seconds: 300
[0m12:22:20.796452 [info ] [MainThread]:   timeout_seconds: 300
[0m12:22:20.799447 [info ] [MainThread]:   client_id: None
[0m12:22:20.801442 [info ] [MainThread]:   token_uri: None
[0m12:22:20.803455 [info ] [MainThread]:   dataproc_region: None
[0m12:22:20.804440 [info ] [MainThread]:   dataproc_cluster_name: None
[0m12:22:20.806437 [info ] [MainThread]:   gcs_bucket: None
[0m12:22:20.808436 [info ] [MainThread]:   dataproc_batch: None
[0m12:22:20.810455 [info ] [MainThread]: Registered adapter: bigquery=1.8.2
[0m12:22:20.815464 [debug] [MainThread]: Acquiring new bigquery connection 'debug'
[0m12:22:20.816433 [debug] [MainThread]: Opening a new connection, currently in state init
[0m12:22:22.349690 [debug] [MainThread]: On debug: select 1 as id
[0m12:22:24.983049 [debug] [MainThread]: BigQuery adapter: https://console.cloud.google.com/bigquery?project=glass-mantra-128509&j=bq:EU:96005e32-607e-48c8-a391-a61e67c465c1&page=queryresults
[0m12:22:25.712093 [info ] [MainThread]:   Connection test: [[32mOK connection ok[0m]

[0m12:22:25.714102 [info ] [MainThread]: [32mAll checks passed![0m
[0m12:22:25.717657 [debug] [MainThread]: Command `dbt debug` succeeded at 12:22:25.717657 after 8.90 seconds
[0m12:22:25.718637 [debug] [MainThread]: Connection 'debug' was properly closed.
[0m12:22:25.719634 [debug] [MainThread]: Sending event: {'category': 'dbt', 'action': 'invocation', 'label': 'end', 'context': [<snowplow_tracker.self_describing_json.SelfDescribingJson object at 0x00000193ECE01C40>, <snowplow_tracker.self_describing_json.SelfDescribingJson object at 0x00000193ED7B7100>, <snowplow_tracker.self_describing_json.SelfDescribingJson object at 0x00000193F440F280>]}
[0m12:22:25.720656 [debug] [MainThread]: Flushing usage events
<<<<<<< HEAD
[0m20:53:16.621898 [debug] [MainThread]: Sending event: {'category': 'dbt', 'action': 'invocation', 'label': 'start', 'context': [<snowplow_tracker.self_describing_json.SelfDescribingJson object at 0x0000027FF8E41C70>, <snowplow_tracker.self_describing_json.SelfDescribingJson object at 0x0000027FFB901BB0>, <snowplow_tracker.self_describing_json.SelfDescribingJson object at 0x0000027FFB901DF0>]}


============================== 20:53:16.700091 | cbdf426d-3222-46b9-b912-c3a865d7b33e ==============================
[0m20:53:16.700091 [info ] [MainThread]: Running with dbt=1.8.6
[0m20:53:16.700091 [debug] [MainThread]: running dbt with arguments {'printer_width': '80', 'indirect_selection': 'eager', 'write_json': 'True', 'log_cache_events': 'False', 'partial_parse': 'True', 'cache_selected_only': 'False', 'profiles_dir': 'C:\\Users\\hp\\.dbt', 'version_check': 'True', 'debug': 'False', 'log_path': 'C:\\Users\\hp\\Desktop\\Superside_HR_Manager\\logs', 'warn_error': 'None', 'fail_fast': 'False', 'use_colors': 'True', 'use_experimental_parser': 'False', 'empty': 'False', 'quiet': 'False', 'no_print': 'None', 'log_format': 'default', 'introspect': 'True', 'static_parser': 'True', 'warn_error_options': 'WarnErrorOptions(include=[], exclude=[])', 'target_path': 'None', 'invocation_command': 'dbt run', 'send_anonymous_usage_stats': 'True'}
[0m20:53:26.263131 [debug] [MainThread]: Sending event: {'category': 'dbt', 'action': 'project_id', 'label': 'cbdf426d-3222-46b9-b912-c3a865d7b33e', 'context': [<snowplow_tracker.self_describing_json.SelfDescribingJson object at 0x0000027FFFF998B0>]}
[0m20:53:26.356945 [debug] [MainThread]: Sending event: {'category': 'dbt', 'action': 'adapter_info', 'label': 'cbdf426d-3222-46b9-b912-c3a865d7b33e', 'context': [<snowplow_tracker.self_describing_json.SelfDescribingJson object at 0x0000027FFB8DC250>]}
[0m20:53:26.356945 [info ] [MainThread]: Registered adapter: bigquery=1.8.2
[0m20:53:26.393167 [debug] [MainThread]: checksum: 2f2fb10c73cafe3e79aa104295a8244291492b32b5598ce46af770f7d0bd5194, vars: {}, profile: , target: , version: 1.8.6
[0m20:53:27.687135 [debug] [MainThread]: Partial parsing enabled: 0 files deleted, 0 files added, 0 files changed.
[0m20:53:27.687135 [debug] [MainThread]: Partial parsing enabled, no changes found, skipping parsing
[0m20:53:27.687135 [warn ] [MainThread]: [[33mWARNING[0m]: Configuration paths exist in your dbt_project.yml file which do not apply to any resources.
There are 1 unused configuration paths:
- models.superside_hr.staging
[0m20:53:27.722994 [debug] [MainThread]: Sending event: {'category': 'dbt', 'action': 'load_project', 'label': 'cbdf426d-3222-46b9-b912-c3a865d7b33e', 'context': [<snowplow_tracker.self_describing_json.SelfDescribingJson object at 0x0000027F8167C130>]}
[0m20:53:28.109032 [debug] [MainThread]: Sending event: {'category': 'dbt', 'action': 'resource_counts', 'label': 'cbdf426d-3222-46b9-b912-c3a865d7b33e', 'context': [<snowplow_tracker.self_describing_json.SelfDescribingJson object at 0x0000027FFFFA0250>]}
[0m20:53:28.109032 [info ] [MainThread]: Found 476 macros
[0m20:53:28.109032 [debug] [MainThread]: Sending event: {'category': 'dbt', 'action': 'runnable_timing', 'label': 'cbdf426d-3222-46b9-b912-c3a865d7b33e', 'context': [<snowplow_tracker.self_describing_json.SelfDescribingJson object at 0x0000027F815B4A90>]}
[0m20:53:28.124656 [info ] [MainThread]: 
[0m20:53:28.144316 [warn ] [MainThread]: Nothing to do. Try checking your model configs and model specification args
[0m20:53:28.159219 [debug] [MainThread]: Command end result
[0m20:53:28.271797 [debug] [MainThread]: Command `dbt run` succeeded at 20:53:28.271797 after 12.19 seconds
[0m20:53:28.271797 [debug] [MainThread]: Sending event: {'category': 'dbt', 'action': 'invocation', 'label': 'end', 'context': [<snowplow_tracker.self_describing_json.SelfDescribingJson object at 0x0000027FF8E41C70>, <snowplow_tracker.self_describing_json.SelfDescribingJson object at 0x0000027FF935CE50>, <snowplow_tracker.self_describing_json.SelfDescribingJson object at 0x0000027FFF9A7490>]}
[0m20:53:28.287421 [debug] [MainThread]: Flushing usage events
=======
[0m15:15:07.184047 [debug] [MainThread]: Sending event: {'category': 'dbt', 'action': 'invocation', 'label': 'start', 'context': [<snowplow_tracker.self_describing_json.SelfDescribingJson object at 0x000001506A493BF0>, <snowplow_tracker.self_describing_json.SelfDescribingJson object at 0x000001506A60BBF0>, <snowplow_tracker.self_describing_json.SelfDescribingJson object at 0x000001506A60B140>]}


============================== 15:15:07.215290 | 2b034baf-f8f6-49aa-af1a-71eb93a022fc ==============================
[0m15:15:07.215290 [info ] [MainThread]: Running with dbt=1.8.6
[0m15:15:07.215290 [debug] [MainThread]: running dbt with arguments {'printer_width': '80', 'indirect_selection': 'eager', 'log_cache_events': 'False', 'write_json': 'True', 'partial_parse': 'True', 'cache_selected_only': 'False', 'warn_error': 'None', 'debug': 'False', 'version_check': 'True', 'log_path': 'c:\\Users\\Mosev\\Documents\\GitHub\\Resource_Manager\\logs', 'profiles_dir': 'C:\\Users\\Mosev\\.dbt', 'fail_fast': 'False', 'use_colors': 'True', 'use_experimental_parser': 'False', 'no_print': 'None', 'quiet': 'False', 'empty': 'None', 'log_format': 'default', 'invocation_command': 'dbt ', 'warn_error_options': 'WarnErrorOptions(include=[], exclude=[])', 'introspect': 'True', 'target_path': 'None', 'static_parser': 'True', 'send_anonymous_usage_stats': 'True'}
[0m15:15:07.724951 [debug] [MainThread]: Sending event: {'category': 'dbt', 'action': 'project_id', 'label': '2b034baf-f8f6-49aa-af1a-71eb93a022fc', 'context': [<snowplow_tracker.self_describing_json.SelfDescribingJson object at 0x000001506A8DFBC0>]}
[0m15:15:08.800329 [info ] [MainThread]: Warning: No packages were found in packages.yml
[0m15:15:08.815862 [info ] [MainThread]: Warning: No packages were found in packages.yml
[0m15:15:08.815862 [debug] [MainThread]: Command `cli deps` succeeded at 15:15:08.815862 after 1.94 seconds
[0m15:15:08.815862 [debug] [MainThread]: Sending event: {'category': 'dbt', 'action': 'invocation', 'label': 'end', 'context': [<snowplow_tracker.self_describing_json.SelfDescribingJson object at 0x000001506A8BD7C0>, <snowplow_tracker.self_describing_json.SelfDescribingJson object at 0x000001506A798680>, <snowplow_tracker.self_describing_json.SelfDescribingJson object at 0x000001506A798AD0>]}
[0m15:15:08.815862 [debug] [MainThread]: Flushing usage events
>>>>>>> ce57b459291af3b190a316055185e7456649d10a
[0m17:23:19.435982 [debug] [MainThread]: Sending event: {'category': 'dbt', 'action': 'invocation', 'label': 'start', 'context': [<snowplow_tracker.self_describing_json.SelfDescribingJson object at 0x0000015498291BB0>, <snowplow_tracker.self_describing_json.SelfDescribingJson object at 0x000001549AD50070>, <snowplow_tracker.self_describing_json.SelfDescribingJson object at 0x000001549AD50220>]}


============================== 17:23:19.655537 | c0d7f995-5fc8-4858-ad1a-1d72a2cdb348 ==============================
[0m17:23:19.655537 [info ] [MainThread]: Running with dbt=1.8.6
[0m17:23:19.655537 [debug] [MainThread]: running dbt with arguments {'printer_width': '80', 'indirect_selection': 'eager', 'write_json': 'True', 'log_cache_events': 'False', 'partial_parse': 'True', 'cache_selected_only': 'False', 'profiles_dir': 'C:\\Users\\hp\\.dbt', 'fail_fast': 'False', 'version_check': 'True', 'log_path': 'C:\\Users\\hp\\Documents\\GitHub\\Resource_Manager\\logs', 'debug': 'False', 'warn_error': 'None', 'use_colors': 'True', 'use_experimental_parser': 'False', 'empty': 'None', 'quiet': 'False', 'no_print': 'None', 'warn_error_options': 'WarnErrorOptions(include=[], exclude=[])', 'introspect': 'True', 'log_format': 'default', 'static_parser': 'True', 'target_path': 'None', 'invocation_command': 'dbt debug', 'send_anonymous_usage_stats': 'True'}
[0m17:23:19.754106 [info ] [MainThread]: dbt version: 1.8.6
[0m17:23:19.754106 [info ] [MainThread]: python version: 3.9.19
[0m17:23:19.754106 [info ] [MainThread]: python path: C:\Users\hp\anaconda3\python.exe
[0m17:23:19.754106 [info ] [MainThread]: os info: Windows-10-10.0.19045-SP0
[0m17:23:43.995358 [info ] [MainThread]: Using profiles dir at C:\Users\hp\.dbt
[0m17:23:43.995358 [info ] [MainThread]: Using profiles.yml file at C:\Users\hp\.dbt\profiles.yml
[0m17:23:43.995358 [info ] [MainThread]: Using dbt_project.yml file at C:\Users\hp\Documents\GitHub\Resource_Manager\dbt_project.yml
[0m17:23:43.995358 [info ] [MainThread]: adapter type: bigquery
[0m17:23:43.995358 [info ] [MainThread]: adapter version: 1.8.2
[0m17:23:44.219205 [info ] [MainThread]: Configuration:
[0m17:23:44.219205 [info ] [MainThread]:   profiles.yml file [[32mOK found and valid[0m]
[0m17:23:44.234826 [info ] [MainThread]:   dbt_project.yml file [[32mOK found and valid[0m]
[0m17:23:44.239550 [info ] [MainThread]: Required dependencies:
[0m17:23:44.242132 [debug] [MainThread]: Executing "git --help"
[0m17:23:44.559275 [debug] [MainThread]: STDOUT: "b"usage: git [-v | --version] [-h | --help] [-C <path>] [-c <name>=<value>]\n           [--exec-path[=<path>]] [--html-path] [--man-path] [--info-path]\n           [-p | --paginate | -P | --no-pager] [--no-replace-objects] [--bare]\n           [--git-dir=<path>] [--work-tree=<path>] [--namespace=<name>]\n           [--config-env=<name>=<envvar>] <command> [<args>]\n\nThese are common Git commands used in various situations:\n\nstart a working area (see also: git help tutorial)\n   clone     Clone a repository into a new directory\n   init      Create an empty Git repository or reinitialize an existing one\n\nwork on the current change (see also: git help everyday)\n   add       Add file contents to the index\n   mv        Move or rename a file, a directory, or a symlink\n   restore   Restore working tree files\n   rm        Remove files from the working tree and from the index\n\nexamine the history and state (see also: git help revisions)\n   bisect    Use binary search to find the commit that introduced a bug\n   diff      Show changes between commits, commit and working tree, etc\n   grep      Print lines matching a pattern\n   log       Show commit logs\n   show      Show various types of objects\n   status    Show the working tree status\n\ngrow, mark and tweak your common history\n   branch    List, create, or delete branches\n   commit    Record changes to the repository\n   merge     Join two or more development histories together\n   rebase    Reapply commits on top of another base tip\n   reset     Reset current HEAD to the specified state\n   switch    Switch branches\n   tag       Create, list, delete or verify a tag object signed with GPG\n\ncollaborate (see also: git help workflows)\n   fetch     Download objects and refs from another repository\n   pull      Fetch from and integrate with another repository or a local branch\n   push      Update remote refs along with associated objects\n\n'git help -a' and 'git help -g' list available subcommands and some\nconcept guides. See 'git help <command>' or 'git help <concept>'\nto read about a specific subcommand or concept.\nSee 'git help git' for an overview of the system.\n""
[0m17:23:44.559275 [debug] [MainThread]: STDERR: "b''"
[0m17:23:44.559275 [info ] [MainThread]:  - git [[32mOK found[0m]

[0m17:23:44.571603 [info ] [MainThread]: Connection:
[0m17:23:44.573604 [info ] [MainThread]:   method: oauth
[0m17:23:44.576600 [info ] [MainThread]:   database: glass-mantra-128509
[0m17:23:44.578443 [info ] [MainThread]:   execution_project: glass-mantra-128509
[0m17:23:44.581970 [info ] [MainThread]:   schema: superside_hr
[0m17:23:44.585965 [info ] [MainThread]:   location: EU
[0m17:23:44.587026 [info ] [MainThread]:   priority: interactive
[0m17:23:44.587026 [info ] [MainThread]:   maximum_bytes_billed: None
[0m17:23:44.587026 [info ] [MainThread]:   impersonate_service_account: None
[0m17:23:44.587026 [info ] [MainThread]:   job_retry_deadline_seconds: None
[0m17:23:44.602302 [info ] [MainThread]:   job_retries: 1
[0m17:23:44.604809 [info ] [MainThread]:   job_creation_timeout_seconds: None
[0m17:23:44.604809 [info ] [MainThread]:   job_execution_timeout_seconds: 300
[0m17:23:44.604809 [info ] [MainThread]:   timeout_seconds: 300
[0m17:23:44.604809 [info ] [MainThread]:   client_id: None
[0m17:23:44.618756 [info ] [MainThread]:   token_uri: None
[0m17:23:44.621417 [info ] [MainThread]:   dataproc_region: None
[0m17:23:44.621417 [info ] [MainThread]:   dataproc_cluster_name: None
[0m17:23:44.621417 [info ] [MainThread]:   gcs_bucket: None
[0m17:23:44.633794 [info ] [MainThread]:   dataproc_batch: None
[0m17:23:44.636201 [info ] [MainThread]: Registered adapter: bigquery=1.8.2
[0m17:23:44.638159 [debug] [MainThread]: Acquiring new bigquery connection 'debug'
[0m17:23:44.638159 [debug] [MainThread]: Opening a new connection, currently in state init
[0m17:24:43.342766 [debug] [MainThread]: On debug: select 1 as id
[0m17:24:48.149894 [debug] [MainThread]: BigQuery adapter: https://console.cloud.google.com/bigquery?project=glass-mantra-128509&j=bq:EU:3174da5f-9ef4-4d1c-ad2b-89001bc3371d&page=queryresults
[0m17:24:49.103612 [info ] [MainThread]:   Connection test: [[32mOK connection ok[0m]

[0m17:24:49.103612 [info ] [MainThread]: [32mAll checks passed![0m
[0m17:24:49.159250 [debug] [MainThread]: Command `dbt debug` succeeded at 17:24:49.159250 after 89.96 seconds
[0m17:24:49.159250 [debug] [MainThread]: Connection 'debug' was properly closed.
[0m17:24:49.159250 [debug] [MainThread]: Sending event: {'category': 'dbt', 'action': 'invocation', 'label': 'end', 'context': [<snowplow_tracker.self_describing_json.SelfDescribingJson object at 0x0000015498291BB0>, <snowplow_tracker.self_describing_json.SelfDescribingJson object at 0x000001549F829460>, <snowplow_tracker.self_describing_json.SelfDescribingJson object at 0x000001549A75E970>]}
[0m17:24:49.176072 [debug] [MainThread]: Flushing usage events
[0m09:05:34.550233 [debug] [MainThread]: Sending event: {'category': 'dbt', 'action': 'invocation', 'label': 'start', 'context': [<snowplow_tracker.self_describing_json.SelfDescribingJson object at 0x0000018EA36175C0>, <snowplow_tracker.self_describing_json.SelfDescribingJson object at 0x0000018EA336DE20>, <snowplow_tracker.self_describing_json.SelfDescribingJson object at 0x0000018EA336E6C0>]}


============================== 09:05:34.608021 | 416d8629-f743-424d-a86c-7ee838bc5f37 ==============================
[0m09:05:34.608021 [info ] [MainThread]: Running with dbt=1.8.8
[0m09:05:34.608928 [debug] [MainThread]: running dbt with arguments {'printer_width': '80', 'indirect_selection': 'eager', 'log_cache_events': 'False', 'write_json': 'True', 'partial_parse': 'True', 'cache_selected_only': 'False', 'profiles_dir': 'C:\\Users\\Mosev\\.dbt', 'version_check': 'True', 'fail_fast': 'False', 'log_path': 'c:\\Users\\Mosev\\Documents\\GitHub\\Resource_Manager\\logs', 'warn_error': 'None', 'debug': 'False', 'use_colors': 'True', 'use_experimental_parser': 'False', 'empty': 'False', 'quiet': 'False', 'no_print': 'None', 'warn_error_options': 'WarnErrorOptions(include=[], exclude=[])', 'invocation_command': 'dbt ', 'static_parser': 'True', 'log_format': 'default', 'target_path': 'None', 'introspect': 'True', 'send_anonymous_usage_stats': 'True'}
[0m09:05:34.618904 [error] [MainThread]: Encountered an error:
Runtime Error
  Could not find profile named 'superside_hr'
[0m09:05:34.621889 [debug] [MainThread]: Command `cli run` failed at 09:05:34.620892 after 0.75 seconds
[0m09:05:34.621889 [debug] [MainThread]: Sending event: {'category': 'dbt', 'action': 'invocation', 'label': 'end', 'context': [<snowplow_tracker.self_describing_json.SelfDescribingJson object at 0x0000018EA2EADCA0>, <snowplow_tracker.self_describing_json.SelfDescribingJson object at 0x0000018EA336FCE0>, <snowplow_tracker.self_describing_json.SelfDescribingJson object at 0x0000018EA336D580>]}
[0m09:05:34.622885 [debug] [MainThread]: Flushing usage events
[0m09:40:41.798214 [debug] [MainThread]: Sending event: {'category': 'dbt', 'action': 'invocation', 'label': 'start', 'context': [<snowplow_tracker.self_describing_json.SelfDescribingJson object at 0x00000185BDB5D2B0>, <snowplow_tracker.self_describing_json.SelfDescribingJson object at 0x00000185BDB2B800>, <snowplow_tracker.self_describing_json.SelfDescribingJson object at 0x00000185BDC21D00>]}


============================== 09:40:41.813430 | 9e284b85-499f-4eb4-85e6-1674ee3e0eec ==============================
[0m09:40:41.813430 [info ] [MainThread]: Running with dbt=1.9.1
[0m09:40:41.815349 [debug] [MainThread]: running dbt with arguments {'printer_width': '80', 'indirect_selection': 'eager', 'write_json': 'True', 'log_cache_events': 'False', 'partial_parse': 'True', 'cache_selected_only': 'False', 'warn_error': 'None', 'fail_fast': 'False', 'profiles_dir': 'C:\\Users\\Mosev\\.dbt', 'log_path': 'C:\\Users\\Mosev\\Documents\\GitHub\\Resource_Manager\\logs', 'debug': 'False', 'version_check': 'True', 'use_colors': 'True', 'use_experimental_parser': 'False', 'empty': 'None', 'quiet': 'False', 'no_print': 'None', 'log_format': 'default', 'invocation_command': 'dbt deps', 'introspect': 'True', 'static_parser': 'True', 'target_path': 'None', 'warn_error_options': 'WarnErrorOptions(include=[], exclude=[])', 'send_anonymous_usage_stats': 'True'}
[0m09:40:42.097118 [debug] [MainThread]: Sending event: {'category': 'dbt', 'action': 'project_id', 'label': '9e284b85-499f-4eb4-85e6-1674ee3e0eec', 'context': [<snowplow_tracker.self_describing_json.SelfDescribingJson object at 0x00000185BDB8EE40>]}
[0m09:40:42.436371 [info ] [MainThread]: Warning: No packages were found in packages.yml
[0m09:40:42.439360 [info ] [MainThread]: Warning: No packages were found in packages.yml
[0m09:40:42.441345 [debug] [MainThread]: Command `dbt deps` succeeded at 09:40:42.441345 after 1.07 seconds
[0m09:40:42.441345 [debug] [MainThread]: Sending event: {'category': 'dbt', 'action': 'invocation', 'label': 'end', 'context': [<snowplow_tracker.self_describing_json.SelfDescribingJson object at 0x00000185BDA63680>, <snowplow_tracker.self_describing_json.SelfDescribingJson object at 0x00000185B9712AE0>, <snowplow_tracker.self_describing_json.SelfDescribingJson object at 0x00000185BDCEB6E0>]}
[0m09:40:42.442333 [debug] [MainThread]: Flushing usage events
[0m09:40:44.182679 [debug] [MainThread]: An error was encountered while trying to flush usage events
[0m09:44:48.902746 [debug] [MainThread]: Sending event: {'category': 'dbt', 'action': 'invocation', 'label': 'start', 'context': [<snowplow_tracker.self_describing_json.SelfDescribingJson object at 0x00000146BBF9AA80>, <snowplow_tracker.self_describing_json.SelfDescribingJson object at 0x00000146BBF99F70>, <snowplow_tracker.self_describing_json.SelfDescribingJson object at 0x00000146B9561F40>]}


============================== 09:44:48.910812 | 835b2d75-cab6-4c17-a685-499c42cb1a15 ==============================
[0m09:44:48.910812 [info ] [MainThread]: Running with dbt=1.9.1
[0m09:44:48.911714 [debug] [MainThread]: running dbt with arguments {'printer_width': '80', 'indirect_selection': 'eager', 'write_json': 'True', 'log_cache_events': 'False', 'partial_parse': 'True', 'cache_selected_only': 'False', 'warn_error': 'None', 'fail_fast': 'False', 'profiles_dir': 'C:\\Users\\Mosev\\.dbt', 'log_path': 'C:\\Users\\Mosev\\Documents\\GitHub\\Resource_Manager\\logs', 'debug': 'False', 'version_check': 'True', 'use_colors': 'True', 'use_experimental_parser': 'False', 'no_print': 'None', 'quiet': 'False', 'empty': 'None', 'log_format': 'default', 'invocation_command': 'dbt deps', 'static_parser': 'True', 'introspect': 'True', 'target_path': 'None', 'warn_error_options': 'WarnErrorOptions(include=[], exclude=[])', 'send_anonymous_usage_stats': 'True'}
[0m09:44:49.127542 [debug] [MainThread]: Sending event: {'category': 'dbt', 'action': 'project_id', 'label': '835b2d75-cab6-4c17-a685-499c42cb1a15', 'context': [<snowplow_tracker.self_describing_json.SelfDescribingJson object at 0x00000146BBCDF170>]}
[0m09:44:49.152002 [info ] [MainThread]: Warning: No packages were found in packages.yml
[0m09:44:49.160590 [info ] [MainThread]: Warning: No packages were found in packages.yml
[0m09:44:49.165235 [debug] [MainThread]: Command `dbt deps` succeeded at 09:44:49.164238 after 0.62 seconds
[0m09:44:49.165235 [debug] [MainThread]: Sending event: {'category': 'dbt', 'action': 'invocation', 'label': 'end', 'context': [<snowplow_tracker.self_describing_json.SelfDescribingJson object at 0x00000146BBCDF170>, <snowplow_tracker.self_describing_json.SelfDescribingJson object at 0x00000146BC487830>, <snowplow_tracker.self_describing_json.SelfDescribingJson object at 0x00000146BC487860>]}
[0m09:44:49.166231 [debug] [MainThread]: Flushing usage events
[0m09:44:50.134077 [debug] [MainThread]: An error was encountered while trying to flush usage events
[0m09:45:38.142165 [debug] [MainThread]: Sending event: {'category': 'dbt', 'action': 'invocation', 'label': 'start', 'context': [<snowplow_tracker.self_describing_json.SelfDescribingJson object at 0x000001595B993920>, <snowplow_tracker.self_describing_json.SelfDescribingJson object at 0x000001595C25FB00>, <snowplow_tracker.self_describing_json.SelfDescribingJson object at 0x000001595C25E750>]}


============================== 09:45:38.150143 | 0eacfa24-bf35-4108-b157-ca57bb9ff4eb ==============================
[0m09:45:38.150143 [info ] [MainThread]: Running with dbt=1.9.1
[0m09:45:38.152137 [debug] [MainThread]: running dbt with arguments {'printer_width': '80', 'indirect_selection': 'eager', 'write_json': 'True', 'log_cache_events': 'False', 'partial_parse': 'True', 'cache_selected_only': 'False', 'profiles_dir': 'C:\\Users\\Mosev\\.dbt', 'fail_fast': 'False', 'version_check': 'True', 'log_path': 'C:\\Users\\Mosev\\Documents\\GitHub\\Resource_Manager\\logs', 'debug': 'False', 'warn_error': 'None', 'use_colors': 'True', 'use_experimental_parser': 'False', 'empty': 'False', 'quiet': 'False', 'no_print': 'None', 'log_format': 'default', 'invocation_command': 'dbt build', 'static_parser': 'True', 'introspect': 'True', 'target_path': 'None', 'warn_error_options': 'WarnErrorOptions(include=[], exclude=[])', 'send_anonymous_usage_stats': 'True'}
[0m09:45:38.155196 [error] [MainThread]: Encountered an error:
Runtime Error
  Could not find profile named 'superside_hr'
[0m09:45:38.158117 [debug] [MainThread]: Command `dbt build` failed at 09:45:38.158117 after 0.36 seconds
[0m09:45:38.159114 [debug] [MainThread]: Sending event: {'category': 'dbt', 'action': 'invocation', 'label': 'end', 'context': [<snowplow_tracker.self_describing_json.SelfDescribingJson object at 0x000001595C3BD6A0>, <snowplow_tracker.self_describing_json.SelfDescribingJson object at 0x000001595C08A720>, <snowplow_tracker.self_describing_json.SelfDescribingJson object at 0x000001595BB745C0>]}
[0m09:45:38.160113 [debug] [MainThread]: Flushing usage events
[0m09:45:39.263290 [debug] [MainThread]: An error was encountered while trying to flush usage events
[0m12:47:53.989723 [debug] [MainThread]: Sending event: {'category': 'dbt', 'action': 'invocation', 'label': 'start', 'context': [<snowplow_tracker.self_describing_json.SelfDescribingJson object at 0x000002141C4CA0C0>, <snowplow_tracker.self_describing_json.SelfDescribingJson object at 0x000002141B573DD0>, <snowplow_tracker.self_describing_json.SelfDescribingJson object at 0x000002141C7109E0>]}


============================== 12:47:54.058969 | b32832a8-a40f-43e7-bdb3-11840e675d61 ==============================
[0m12:47:54.058969 [info ] [MainThread]: Running with dbt=1.9.1
[0m12:47:54.061820 [debug] [MainThread]: running dbt with arguments {'printer_width': '80', 'indirect_selection': 'eager', 'log_cache_events': 'False', 'write_json': 'True', 'partial_parse': 'True', 'cache_selected_only': 'False', 'profiles_dir': 'C:\\Users\\Mosev\\.dbt', 'debug': 'False', 'fail_fast': 'False', 'log_path': 'C:\\Users\\Mosev\\Documents\\GitHub\\Resource_Manager\\logs', 'version_check': 'True', 'warn_error': 'None', 'use_colors': 'True', 'use_experimental_parser': 'False', 'empty': 'False', 'quiet': 'False', 'no_print': 'None', 'log_format': 'default', 'introspect': 'True', 'static_parser': 'True', 'warn_error_options': 'WarnErrorOptions(include=[], exclude=[])', 'target_path': 'None', 'invocation_command': 'dbt run', 'send_anonymous_usage_stats': 'True'}
[0m12:47:54.069805 [error] [MainThread]: Encountered an error:
Runtime Error
  Could not find profile named 'superside_hr'
[0m12:47:54.071790 [debug] [MainThread]: Command `dbt run` failed at 12:47:54.071790 after 0.69 seconds
[0m12:47:54.072787 [debug] [MainThread]: Sending event: {'category': 'dbt', 'action': 'invocation', 'label': 'end', 'context': [<snowplow_tracker.self_describing_json.SelfDescribingJson object at 0x000002141B573DD0>, <snowplow_tracker.self_describing_json.SelfDescribingJson object at 0x000002141C144860>, <snowplow_tracker.self_describing_json.SelfDescribingJson object at 0x000002141BE2F650>]}
[0m12:47:54.072787 [debug] [MainThread]: Flushing usage events
[0m12:47:55.669536 [debug] [MainThread]: An error was encountered while trying to flush usage events
[0m12:52:46.763536 [debug] [MainThread]: Sending event: {'category': 'dbt', 'action': 'invocation', 'label': 'start', 'context': [<snowplow_tracker.self_describing_json.SelfDescribingJson object at 0x00000251F8B69760>, <snowplow_tracker.self_describing_json.SelfDescribingJson object at 0x00000251F677F0B0>, <snowplow_tracker.self_describing_json.SelfDescribingJson object at 0x00000251F8B686B0>]}


============================== 12:52:46.842294 | 0d981639-096e-439d-8203-0e84ec6ff1e8 ==============================
[0m12:52:46.842294 [info ] [MainThread]: Running with dbt=1.9.1
[0m12:52:46.846275 [debug] [MainThread]: running dbt with arguments {'printer_width': '80', 'indirect_selection': 'eager', 'log_cache_events': 'False', 'write_json': 'True', 'partial_parse': 'True', 'cache_selected_only': 'False', 'warn_error': 'None', 'version_check': 'True', 'fail_fast': 'False', 'log_path': 'C:\\Users\\Mosev\\Documents\\GitHub\\Resource_Manager\\logs', 'debug': 'False', 'profiles_dir': 'C:\\Users\\Mosev\\.dbt', 'use_colors': 'True', 'use_experimental_parser': 'False', 'no_print': 'None', 'quiet': 'False', 'empty': 'False', 'warn_error_options': 'WarnErrorOptions(include=[], exclude=[])', 'static_parser': 'True', 'introspect': 'True', 'invocation_command': 'dbt run', 'target_path': 'None', 'log_format': 'default', 'send_anonymous_usage_stats': 'True'}
[0m12:53:21.014294 [debug] [MainThread]: Sending event: {'category': 'dbt', 'action': 'project_id', 'label': '0d981639-096e-439d-8203-0e84ec6ff1e8', 'context': [<snowplow_tracker.self_describing_json.SelfDescribingJson object at 0x00000251FE402090>]}
[0m12:53:21.178892 [debug] [MainThread]: Sending event: {'category': 'dbt', 'action': 'adapter_info', 'label': '0d981639-096e-439d-8203-0e84ec6ff1e8', 'context': [<snowplow_tracker.self_describing_json.SelfDescribingJson object at 0x00000251FE2D84D0>]}
[0m12:53:21.181857 [info ] [MainThread]: Registered adapter: bigquery=1.9.0
[0m12:53:22.620565 [debug] [MainThread]: checksum: 5e8d1596cf4eae33c11286bbb248a722d21b9f00d8a7ced8137c642517055418, vars: {}, profile: , target: , version: 1.9.1
[0m12:53:22.960555 [info ] [MainThread]: Unable to do partial parsing because of a version mismatch
[0m12:53:22.963545 [debug] [MainThread]: Sending event: {'category': 'dbt', 'action': 'partial_parser', 'label': '0d981639-096e-439d-8203-0e84ec6ff1e8', 'context': [<snowplow_tracker.self_describing_json.SelfDescribingJson object at 0x00000251FE867290>]}
[0m12:53:26.507923 [warn ] [MainThread]: [[33mWARNING[0m]: Configuration paths exist in your dbt_project.yml file which do not apply to any resources.
There are 1 unused configuration paths:
- models.resource_manager_model.staging
[0m12:53:26.519881 [debug] [MainThread]: Sending event: {'category': 'dbt', 'action': 'load_project', 'label': '0d981639-096e-439d-8203-0e84ec6ff1e8', 'context': [<snowplow_tracker.self_describing_json.SelfDescribingJson object at 0x00000251FE532E10>]}
[0m12:53:26.676245 [debug] [MainThread]: Wrote artifact WritableManifest to C:\Users\Mosev\Documents\GitHub\Resource_Manager\target\manifest.json
[0m12:53:26.713476 [debug] [MainThread]: Wrote artifact SemanticManifest to C:\Users\Mosev\Documents\GitHub\Resource_Manager\target\semantic_manifest.json
[0m12:53:26.997510 [debug] [MainThread]: Sending event: {'category': 'dbt', 'action': 'resource_counts', 'label': '0d981639-096e-439d-8203-0e84ec6ff1e8', 'context': [<snowplow_tracker.self_describing_json.SelfDescribingJson object at 0x00000251FE058380>]}
[0m12:53:26.999503 [info ] [MainThread]: Found 489 macros
[0m12:53:27.001494 [debug] [MainThread]: Sending event: {'category': 'dbt', 'action': 'runnable_timing', 'label': '0d981639-096e-439d-8203-0e84ec6ff1e8', 'context': [<snowplow_tracker.self_describing_json.SelfDescribingJson object at 0x00000251FE85A270>]}
[0m12:53:27.009794 [warn ] [MainThread]: Nothing to do. Try checking your model configs and model specification args
[0m12:53:27.013956 [debug] [MainThread]: Command end result
[0m12:53:27.095448 [debug] [MainThread]: Wrote artifact WritableManifest to C:\Users\Mosev\Documents\GitHub\Resource_Manager\target\manifest.json
[0m12:53:27.102541 [debug] [MainThread]: Wrote artifact SemanticManifest to C:\Users\Mosev\Documents\GitHub\Resource_Manager\target\semantic_manifest.json
[0m12:53:27.125802 [debug] [MainThread]: Wrote artifact RunExecutionResult to C:\Users\Mosev\Documents\GitHub\Resource_Manager\target\run_results.json
[0m12:53:27.127793 [debug] [MainThread]: Command `dbt run` succeeded at 12:53:27.127793 after 41.33 seconds
[0m12:53:27.128789 [debug] [MainThread]: Sending event: {'category': 'dbt', 'action': 'invocation', 'label': 'end', 'context': [<snowplow_tracker.self_describing_json.SelfDescribingJson object at 0x00000251F612F140>, <snowplow_tracker.self_describing_json.SelfDescribingJson object at 0x00000251F8F238C0>, <snowplow_tracker.self_describing_json.SelfDescribingJson object at 0x00000251FE37FC50>]}
[0m12:53:27.129782 [debug] [MainThread]: Flushing usage events
[0m12:53:28.744388 [debug] [MainThread]: An error was encountered while trying to flush usage events
[0m12:54:52.923467 [debug] [MainThread]: Sending event: {'category': 'dbt', 'action': 'invocation', 'label': 'start', 'context': [<snowplow_tracker.self_describing_json.SelfDescribingJson object at 0x000001E7A1D24830>, <snowplow_tracker.self_describing_json.SelfDescribingJson object at 0x000001E7A183ABA0>, <snowplow_tracker.self_describing_json.SelfDescribingJson object at 0x000001E7A1CCF200>]}


============================== 12:54:52.951348 | 7112c4c0-61fb-4ee1-93e4-fa5234ae4c88 ==============================
[0m12:54:52.951348 [info ] [MainThread]: Running with dbt=1.9.1
[0m12:54:52.954337 [debug] [MainThread]: running dbt with arguments {'printer_width': '80', 'indirect_selection': 'eager', 'log_cache_events': 'False', 'write_json': 'True', 'partial_parse': 'True', 'cache_selected_only': 'False', 'profiles_dir': 'C:\\Users\\Mosev\\.dbt', 'debug': 'False', 'warn_error': 'None', 'log_path': 'C:\\Users\\Mosev\\Documents\\GitHub\\Resource_Manager\\logs', 'version_check': 'True', 'fail_fast': 'False', 'use_colors': 'True', 'use_experimental_parser': 'False', 'empty': 'False', 'quiet': 'False', 'no_print': 'None', 'warn_error_options': 'WarnErrorOptions(include=[], exclude=[])', 'invocation_command': 'dbt run', 'introspect': 'True', 'static_parser': 'True', 'target_path': 'None', 'log_format': 'default', 'send_anonymous_usage_stats': 'True'}
[0m12:55:00.264272 [debug] [MainThread]: Sending event: {'category': 'dbt', 'action': 'project_id', 'label': '7112c4c0-61fb-4ee1-93e4-fa5234ae4c88', 'context': [<snowplow_tracker.self_describing_json.SelfDescribingJson object at 0x000001E7A1D24830>]}
[0m12:55:00.364170 [debug] [MainThread]: Sending event: {'category': 'dbt', 'action': 'adapter_info', 'label': '7112c4c0-61fb-4ee1-93e4-fa5234ae4c88', 'context': [<snowplow_tracker.self_describing_json.SelfDescribingJson object at 0x000001E7A1E29700>]}
[0m12:55:00.365168 [info ] [MainThread]: Registered adapter: bigquery=1.9.0
[0m12:55:01.139056 [debug] [MainThread]: checksum: 5e8d1596cf4eae33c11286bbb248a722d21b9f00d8a7ced8137c642517055418, vars: {}, profile: , target: , version: 1.9.1
[0m12:55:01.278973 [info ] [MainThread]: Unable to do partial parsing because a project config has changed
[0m12:55:01.279980 [debug] [MainThread]: Sending event: {'category': 'dbt', 'action': 'partial_parser', 'label': '7112c4c0-61fb-4ee1-93e4-fa5234ae4c88', 'context': [<snowplow_tracker.self_describing_json.SelfDescribingJson object at 0x000001E7A19A69C0>]}
[0m12:55:03.047891 [warn ] [MainThread]: [[33mWARNING[0m]: Configuration paths exist in your dbt_project.yml file which do not apply to any resources.
There are 1 unused configuration paths:
- models.resource_manager_model.staging
[0m12:55:03.061846 [debug] [MainThread]: Sending event: {'category': 'dbt', 'action': 'load_project', 'label': '7112c4c0-61fb-4ee1-93e4-fa5234ae4c88', 'context': [<snowplow_tracker.self_describing_json.SelfDescribingJson object at 0x000001E7A72566C0>]}
[0m12:55:03.214874 [debug] [MainThread]: Wrote artifact WritableManifest to C:\Users\Mosev\Documents\GitHub\Resource_Manager\target\manifest.json
[0m12:55:03.251587 [debug] [MainThread]: Wrote artifact SemanticManifest to C:\Users\Mosev\Documents\GitHub\Resource_Manager\target\semantic_manifest.json
[0m12:55:03.369041 [debug] [MainThread]: Sending event: {'category': 'dbt', 'action': 'resource_counts', 'label': '7112c4c0-61fb-4ee1-93e4-fa5234ae4c88', 'context': [<snowplow_tracker.self_describing_json.SelfDescribingJson object at 0x000001E7A764F530>]}
[0m12:55:03.371035 [info ] [MainThread]: Found 489 macros
[0m12:55:03.372032 [debug] [MainThread]: Sending event: {'category': 'dbt', 'action': 'runnable_timing', 'label': '7112c4c0-61fb-4ee1-93e4-fa5234ae4c88', 'context': [<snowplow_tracker.self_describing_json.SelfDescribingJson object at 0x000001E7A7574DA0>]}
[0m12:55:03.378018 [warn ] [MainThread]: Nothing to do. Try checking your model configs and model specification args
[0m12:55:03.381998 [debug] [MainThread]: Command end result
[0m12:55:03.486981 [debug] [MainThread]: Wrote artifact WritableManifest to C:\Users\Mosev\Documents\GitHub\Resource_Manager\target\manifest.json
[0m12:55:03.497461 [debug] [MainThread]: Wrote artifact SemanticManifest to C:\Users\Mosev\Documents\GitHub\Resource_Manager\target\semantic_manifest.json
[0m12:55:03.520487 [debug] [MainThread]: Wrote artifact RunExecutionResult to C:\Users\Mosev\Documents\GitHub\Resource_Manager\target\run_results.json
[0m12:55:03.528545 [debug] [MainThread]: Command `dbt run` succeeded at 12:55:03.526550 after 11.46 seconds
[0m12:55:03.529540 [debug] [MainThread]: Sending event: {'category': 'dbt', 'action': 'invocation', 'label': 'end', 'context': [<snowplow_tracker.self_describing_json.SelfDescribingJson object at 0x000001E7A159E0F0>, <snowplow_tracker.self_describing_json.SelfDescribingJson object at 0x000001E7A7645D00>, <snowplow_tracker.self_describing_json.SelfDescribingJson object at 0x000001E79D512AE0>]}
[0m12:55:03.531531 [debug] [MainThread]: Flushing usage events
[0m12:55:04.843529 [debug] [MainThread]: An error was encountered while trying to flush usage events
[0m12:58:15.269415 [debug] [MainThread]: Sending event: {'category': 'dbt', 'action': 'invocation', 'label': 'start', 'context': [<snowplow_tracker.self_describing_json.SelfDescribingJson object at 0x0000017E6E34F6B0>, <snowplow_tracker.self_describing_json.SelfDescribingJson object at 0x0000017E6E4660F0>, <snowplow_tracker.self_describing_json.SelfDescribingJson object at 0x0000017E6E668500>]}


============================== 12:58:15.292338 | d03ca6e2-6b7c-4c60-aca9-8576291bc0a2 ==============================
[0m12:58:15.292338 [info ] [MainThread]: Running with dbt=1.9.1
[0m12:58:15.294329 [debug] [MainThread]: running dbt with arguments {'printer_width': '80', 'indirect_selection': 'eager', 'log_cache_events': 'False', 'write_json': 'True', 'partial_parse': 'True', 'cache_selected_only': 'False', 'profiles_dir': 'C:\\Users\\Mosev\\.dbt', 'version_check': 'True', 'debug': 'False', 'log_path': 'C:\\Users\\Mosev\\Documents\\GitHub\\Resource_Manager\\logs', 'warn_error': 'None', 'fail_fast': 'False', 'use_colors': 'True', 'use_experimental_parser': 'False', 'empty': 'False', 'quiet': 'False', 'no_print': 'None', 'log_format': 'default', 'invocation_command': 'dbt run', 'warn_error_options': 'WarnErrorOptions(include=[], exclude=[])', 'static_parser': 'True', 'target_path': 'None', 'introspect': 'True', 'send_anonymous_usage_stats': 'True'}
[0m12:58:19.716979 [debug] [MainThread]: Sending event: {'category': 'dbt', 'action': 'project_id', 'label': 'd03ca6e2-6b7c-4c60-aca9-8576291bc0a2', 'context': [<snowplow_tracker.self_describing_json.SelfDescribingJson object at 0x0000017E7417A090>]}
[0m12:58:19.794489 [debug] [MainThread]: Sending event: {'category': 'dbt', 'action': 'adapter_info', 'label': 'd03ca6e2-6b7c-4c60-aca9-8576291bc0a2', 'context': [<snowplow_tracker.self_describing_json.SelfDescribingJson object at 0x0000017E6EA21DF0>]}
[0m12:58:19.795486 [info ] [MainThread]: Registered adapter: bigquery=1.9.0
[0m12:58:20.266139 [debug] [MainThread]: checksum: 5e8d1596cf4eae33c11286bbb248a722d21b9f00d8a7ced8137c642517055418, vars: {}, profile: , target: , version: 1.9.1
[0m12:58:20.614450 [debug] [MainThread]: Partial parsing enabled: 0 files deleted, 0 files added, 0 files changed.
[0m12:58:20.614450 [debug] [MainThread]: Partial parsing enabled, no changes found, skipping parsing
[0m12:58:20.615447 [warn ] [MainThread]: [[33mWARNING[0m]: Configuration paths exist in your dbt_project.yml file which do not apply to any resources.
There are 1 unused configuration paths:
- models.resource_manager_model.staging
[0m12:58:20.624021 [debug] [MainThread]: Sending event: {'category': 'dbt', 'action': 'load_project', 'label': 'd03ca6e2-6b7c-4c60-aca9-8576291bc0a2', 'context': [<snowplow_tracker.self_describing_json.SelfDescribingJson object at 0x0000017E73EEBA40>]}
[0m12:58:20.698359 [debug] [MainThread]: Wrote artifact WritableManifest to C:\Users\Mosev\Documents\GitHub\Resource_Manager\target\manifest.json
[0m12:58:20.714306 [debug] [MainThread]: Wrote artifact SemanticManifest to C:\Users\Mosev\Documents\GitHub\Resource_Manager\target\semantic_manifest.json
[0m12:58:20.757325 [debug] [MainThread]: Sending event: {'category': 'dbt', 'action': 'resource_counts', 'label': 'd03ca6e2-6b7c-4c60-aca9-8576291bc0a2', 'context': [<snowplow_tracker.self_describing_json.SelfDescribingJson object at 0x0000017E747C88C0>]}
[0m12:58:20.757325 [info ] [MainThread]: Found 489 macros
[0m12:58:20.758321 [debug] [MainThread]: Sending event: {'category': 'dbt', 'action': 'runnable_timing', 'label': 'd03ca6e2-6b7c-4c60-aca9-8576291bc0a2', 'context': [<snowplow_tracker.self_describing_json.SelfDescribingJson object at 0x0000017E7460E0C0>]}
[0m12:58:20.760314 [warn ] [MainThread]: Nothing to do. Try checking your model configs and model specification args
[0m12:58:20.763312 [debug] [MainThread]: Command end result
[0m12:58:20.811954 [debug] [MainThread]: Wrote artifact WritableManifest to C:\Users\Mosev\Documents\GitHub\Resource_Manager\target\manifest.json
[0m12:58:20.824904 [debug] [MainThread]: Wrote artifact SemanticManifest to C:\Users\Mosev\Documents\GitHub\Resource_Manager\target\semantic_manifest.json
[0m12:58:20.846830 [debug] [MainThread]: Wrote artifact RunExecutionResult to C:\Users\Mosev\Documents\GitHub\Resource_Manager\target\run_results.json
[0m12:58:20.850827 [debug] [MainThread]: Command `dbt run` succeeded at 12:58:20.850827 after 6.34 seconds
[0m12:58:20.851823 [debug] [MainThread]: Sending event: {'category': 'dbt', 'action': 'invocation', 'label': 'end', 'context': [<snowplow_tracker.self_describing_json.SelfDescribingJson object at 0x0000017E6EE7E060>, <snowplow_tracker.self_describing_json.SelfDescribingJson object at 0x0000017E73CF5040>, <snowplow_tracker.self_describing_json.SelfDescribingJson object at 0x0000017E6EE5E4B0>]}
[0m12:58:20.852820 [debug] [MainThread]: Flushing usage events
[0m12:58:22.435857 [debug] [MainThread]: An error was encountered while trying to flush usage events
[0m13:15:09.947384 [debug] [MainThread]: Sending event: {'category': 'dbt', 'action': 'invocation', 'label': 'start', 'context': [<snowplow_tracker.self_describing_json.SelfDescribingJson object at 0x000001EFB8007110>, <snowplow_tracker.self_describing_json.SelfDescribingJson object at 0x000001EFBA3943E0>, <snowplow_tracker.self_describing_json.SelfDescribingJson object at 0x000001EFBA396390>]}


============================== 13:15:09.971145 | 4a899d82-1c20-4181-95fd-8a91f68bf797 ==============================
[0m13:15:09.971145 [info ] [MainThread]: Running with dbt=1.9.1
[0m13:15:09.972138 [debug] [MainThread]: running dbt with arguments {'printer_width': '80', 'indirect_selection': 'eager', 'log_cache_events': 'False', 'write_json': 'True', 'partial_parse': 'True', 'cache_selected_only': 'False', 'warn_error': 'None', 'version_check': 'True', 'debug': 'False', 'log_path': 'C:\\Users\\Mosev\\Documents\\GitHub\\Resource_Manager\\logs', 'fail_fast': 'False', 'profiles_dir': 'C:\\Users\\Mosev\\.dbt', 'use_colors': 'True', 'use_experimental_parser': 'False', 'no_print': 'None', 'quiet': 'False', 'empty': 'None', 'log_format': 'default', 'introspect': 'True', 'invocation_command': 'dbt debug', 'static_parser': 'True', 'target_path': 'None', 'warn_error_options': 'WarnErrorOptions(include=[], exclude=[])', 'send_anonymous_usage_stats': 'True'}
[0m13:15:10.091824 [info ] [MainThread]: dbt version: 1.9.1
[0m13:15:10.093813 [info ] [MainThread]: python version: 3.12.8
[0m13:15:10.096398 [info ] [MainThread]: python path: C:\Users\Mosev\AppData\Local\anaconda3\python.exe
[0m13:15:10.098403 [info ] [MainThread]: os info: Windows-10-10.0.19045-SP0
[0m13:15:18.236825 [info ] [MainThread]: Using profiles dir at C:\Users\Mosev\.dbt
[0m13:15:18.237829 [info ] [MainThread]: Using profiles.yml file at C:\Users\Mosev\.dbt\profiles.yml
[0m13:15:18.240869 [info ] [MainThread]: Using dbt_project.yml file at C:\Users\Mosev\Documents\GitHub\Resource_Manager\dbt_project.yml
[0m13:15:18.240869 [info ] [MainThread]: adapter type: bigquery
[0m13:15:18.241839 [info ] [MainThread]: adapter version: 1.9.0
[0m13:15:18.433919 [info ] [MainThread]: Configuration:
[0m13:15:18.435872 [info ] [MainThread]:   profiles.yml file [[32mOK found and valid[0m]
[0m13:15:18.435872 [info ] [MainThread]:   dbt_project.yml file [[32mOK found and valid[0m]
[0m13:15:18.436837 [info ] [MainThread]: Required dependencies:
[0m13:15:18.437926 [debug] [MainThread]: Executing "git --help"
[0m13:15:18.624007 [debug] [MainThread]: STDOUT: "b"usage: git [-v | --version] [-h | --help] [-C <path>] [-c <name>=<value>]\n           [--exec-path[=<path>]] [--html-path] [--man-path] [--info-path]\n           [-p | --paginate | -P | --no-pager] [--no-replace-objects] [--no-lazy-fetch]\n           [--no-optional-locks] [--no-advice] [--bare] [--git-dir=<path>]\n           [--work-tree=<path>] [--namespace=<name>] [--config-env=<name>=<envvar>]\n           <command> [<args>]\n\nThese are common Git commands used in various situations:\n\nstart a working area (see also: git help tutorial)\n   clone     Clone a repository into a new directory\n   init      Create an empty Git repository or reinitialize an existing one\n\nwork on the current change (see also: git help everyday)\n   add       Add file contents to the index\n   mv        Move or rename a file, a directory, or a symlink\n   restore   Restore working tree files\n   rm        Remove files from the working tree and from the index\n\nexamine the history and state (see also: git help revisions)\n   bisect    Use binary search to find the commit that introduced a bug\n   diff      Show changes between commits, commit and working tree, etc\n   grep      Print lines matching a pattern\n   log       Show commit logs\n   show      Show various types of objects\n   status    Show the working tree status\n\ngrow, mark and tweak your common history\n   branch    List, create, or delete branches\n   commit    Record changes to the repository\n   merge     Join two or more development histories together\n   rebase    Reapply commits on top of another base tip\n   reset     Reset current HEAD to the specified state\n   switch    Switch branches\n   tag       Create, list, delete or verify a tag object signed with GPG\n\ncollaborate (see also: git help workflows)\n   fetch     Download objects and refs from another repository\n   pull      Fetch from and integrate with another repository or a local branch\n   push      Update remote refs along with associated objects\n\n'git help -a' and 'git help -g' list available subcommands and some\nconcept guides. See 'git help <command>' or 'git help <concept>'\nto read about a specific subcommand or concept.\nSee 'git help git' for an overview of the system.\n""
[0m13:15:18.624999 [debug] [MainThread]: STDERR: "b''"
[0m13:15:18.627063 [info ] [MainThread]:  - git [[32mOK found[0m]

[0m13:15:18.628989 [info ] [MainThread]: Connection:
[0m13:15:18.630016 [info ] [MainThread]:   method: service-account
[0m13:15:18.632059 [info ] [MainThread]:   database: glass-mantra-128509
[0m13:15:18.633973 [info ] [MainThread]:   execution_project: glass-mantra-128509
[0m13:15:18.635963 [info ] [MainThread]:   schema: superside_hr
[0m13:15:18.636957 [info ] [MainThread]:   location: europe-west2
[0m13:15:18.639022 [info ] [MainThread]:   priority: None
[0m13:15:18.642679 [info ] [MainThread]:   maximum_bytes_billed: None
[0m13:15:18.643427 [info ] [MainThread]:   impersonate_service_account: None
[0m13:15:18.644435 [info ] [MainThread]:   job_retry_deadline_seconds: None
[0m13:15:18.646428 [info ] [MainThread]:   job_retries: 1
[0m13:15:18.647424 [info ] [MainThread]:   job_creation_timeout_seconds: None
[0m13:15:18.648421 [info ] [MainThread]:   job_execution_timeout_seconds: None
[0m13:15:18.650320 [info ] [MainThread]:   timeout_seconds: None
[0m13:15:18.651330 [info ] [MainThread]:   client_id: None
[0m13:15:18.653324 [info ] [MainThread]:   token_uri: None
[0m13:15:18.655778 [info ] [MainThread]:   dataproc_region: None
[0m13:15:18.659654 [info ] [MainThread]:   dataproc_cluster_name: None
[0m13:15:18.661649 [info ] [MainThread]:   gcs_bucket: None
[0m13:15:18.663063 [info ] [MainThread]:   dataproc_batch: None
[0m13:15:18.664571 [info ] [MainThread]: Registered adapter: bigquery=1.9.0
[0m13:15:19.360526 [debug] [MainThread]: Acquiring new bigquery connection 'debug'
[0m13:15:19.361525 [debug] [MainThread]: On debug: select 1 as id
[0m13:15:19.362519 [debug] [MainThread]: Opening a new connection, currently in state init
[0m13:15:24.776811 [debug] [MainThread]: BigQuery adapter: https://console.cloud.google.com/bigquery?project=glass-mantra-128509&j=bq:europe-west2:5e65bd6c-e58c-464d-843d-9f36f7485ea0&page=queryresults
[0m13:15:30.156291 [info ] [MainThread]:   Connection test: [[32mOK connection ok[0m]

[0m13:15:30.158240 [info ] [MainThread]: [32mAll checks passed![0m
[0m13:15:30.164226 [debug] [MainThread]: Command `dbt debug` succeeded at 13:15:30.163294 after 21.06 seconds
[0m13:15:30.164226 [debug] [MainThread]: Connection 'debug' was properly closed.
[0m13:15:30.165219 [debug] [MainThread]: Sending event: {'category': 'dbt', 'action': 'invocation', 'label': 'end', 'context': [<snowplow_tracker.self_describing_json.SelfDescribingJson object at 0x000001EFBAAA3C80>, <snowplow_tracker.self_describing_json.SelfDescribingJson object at 0x000001EFC03FF380>, <snowplow_tracker.self_describing_json.SelfDescribingJson object at 0x000001EFBA3BAC00>]}
[0m13:15:30.166215 [debug] [MainThread]: Flushing usage events
[0m13:15:31.891776 [debug] [MainThread]: An error was encountered while trying to flush usage events
[0m16:11:40.060809 [debug] [MainThread]: Sending event: {'category': 'dbt', 'action': 'invocation', 'label': 'start', 'context': [<snowplow_tracker.self_describing_json.SelfDescribingJson object at 0x00000234C6A84830>, <snowplow_tracker.self_describing_json.SelfDescribingJson object at 0x00000234C3DFB350>, <snowplow_tracker.self_describing_json.SelfDescribingJson object at 0x00000234C6893530>]}


============================== 16:11:40.142007 | fc46c01f-e47a-4abe-a34e-5343fcef2777 ==============================
[0m16:11:40.142007 [info ] [MainThread]: Running with dbt=1.9.1
[0m16:11:40.143991 [debug] [MainThread]: running dbt with arguments {'printer_width': '80', 'indirect_selection': 'eager', 'write_json': 'True', 'log_cache_events': 'False', 'partial_parse': 'True', 'cache_selected_only': 'False', 'profiles_dir': 'C:\\Users\\Mosev\\.dbt', 'version_check': 'True', 'fail_fast': 'False', 'log_path': 'C:\\Users\\Mosev\\Documents\\GitHub\\Resource_Manager\\logs', 'debug': 'False', 'warn_error': 'None', 'use_colors': 'True', 'use_experimental_parser': 'False', 'no_print': 'None', 'quiet': 'False', 'empty': 'False', 'log_format': 'default', 'static_parser': 'True', 'invocation_command': 'dbt compile', 'warn_error_options': 'WarnErrorOptions(include=[], exclude=[])', 'target_path': 'None', 'introspect': 'True', 'send_anonymous_usage_stats': 'True'}
[0m16:12:17.347342 [debug] [MainThread]: Sending event: {'category': 'dbt', 'action': 'project_id', 'label': 'fc46c01f-e47a-4abe-a34e-5343fcef2777', 'context': [<snowplow_tracker.self_describing_json.SelfDescribingJson object at 0x00000234CC0FCB00>]}
[0m16:12:17.414012 [debug] [MainThread]: Sending event: {'category': 'dbt', 'action': 'adapter_info', 'label': 'fc46c01f-e47a-4abe-a34e-5343fcef2777', 'context': [<snowplow_tracker.self_describing_json.SelfDescribingJson object at 0x00000234C3FAC500>]}
[0m16:12:17.415002 [info ] [MainThread]: Registered adapter: bigquery=1.9.0
[0m16:12:18.318494 [debug] [MainThread]: checksum: 5e8d1596cf4eae33c11286bbb248a722d21b9f00d8a7ced8137c642517055418, vars: {}, profile: , target: , version: 1.9.1
[0m16:12:23.249673 [debug] [MainThread]: Partial parsing enabled: 0 files deleted, 0 files added, 0 files changed.
[0m16:12:23.249673 [debug] [MainThread]: Partial parsing enabled, no changes found, skipping parsing
[0m16:12:23.250670 [warn ] [MainThread]: [[33mWARNING[0m]: Configuration paths exist in your dbt_project.yml file which do not apply to any resources.
There are 1 unused configuration paths:
- models.resource_manager_model.models.staging
[0m16:12:23.261707 [debug] [MainThread]: Sending event: {'category': 'dbt', 'action': 'load_project', 'label': 'fc46c01f-e47a-4abe-a34e-5343fcef2777', 'context': [<snowplow_tracker.self_describing_json.SelfDescribingJson object at 0x00000234CC261790>]}
[0m16:12:23.370778 [debug] [MainThread]: Wrote artifact WritableManifest to C:\Users\Mosev\Documents\GitHub\Resource_Manager\target\manifest.json
[0m16:12:23.437403 [debug] [MainThread]: Wrote artifact SemanticManifest to C:\Users\Mosev\Documents\GitHub\Resource_Manager\target\semantic_manifest.json
[0m16:12:24.277597 [debug] [MainThread]: Sending event: {'category': 'dbt', 'action': 'resource_counts', 'label': 'fc46c01f-e47a-4abe-a34e-5343fcef2777', 'context': [<snowplow_tracker.self_describing_json.SelfDescribingJson object at 0x00000234CC5ED7C0>]}
[0m16:12:24.278597 [info ] [MainThread]: Found 489 macros
[0m16:12:24.279593 [debug] [MainThread]: Sending event: {'category': 'dbt', 'action': 'runnable_timing', 'label': 'fc46c01f-e47a-4abe-a34e-5343fcef2777', 'context': [<snowplow_tracker.self_describing_json.SelfDescribingJson object at 0x00000234CC2630E0>]}
[0m16:12:24.281589 [warn ] [MainThread]: Nothing to do. Try checking your model configs and model specification args
[0m16:12:24.283922 [debug] [MainThread]: Command end result
[0m16:12:24.317611 [debug] [MainThread]: Wrote artifact WritableManifest to C:\Users\Mosev\Documents\GitHub\Resource_Manager\target\manifest.json
[0m16:12:24.324319 [debug] [MainThread]: Wrote artifact SemanticManifest to C:\Users\Mosev\Documents\GitHub\Resource_Manager\target\semantic_manifest.json
[0m16:12:24.340072 [debug] [MainThread]: Wrote artifact RunExecutionResult to C:\Users\Mosev\Documents\GitHub\Resource_Manager\target\run_results.json
[0m16:12:24.342064 [debug] [MainThread]: Command `dbt compile` succeeded at 16:12:24.342064 after 45.03 seconds
[0m16:12:24.342064 [debug] [MainThread]: Sending event: {'category': 'dbt', 'action': 'invocation', 'label': 'end', 'context': [<snowplow_tracker.self_describing_json.SelfDescribingJson object at 0x00000234CBDCBC20>, <snowplow_tracker.self_describing_json.SelfDescribingJson object at 0x00000234CC200F80>, <snowplow_tracker.self_describing_json.SelfDescribingJson object at 0x00000234C6A31D60>]}
[0m16:12:24.343060 [debug] [MainThread]: Flushing usage events
[0m16:12:25.666069 [debug] [MainThread]: An error was encountered while trying to flush usage events
[0m16:26:02.811648 [debug] [MainThread]: Sending event: {'category': 'dbt', 'action': 'invocation', 'label': 'start', 'context': [<snowplow_tracker.self_describing_json.SelfDescribingJson object at 0x00000199D4C75340>, <snowplow_tracker.self_describing_json.SelfDescribingJson object at 0x00000199D2AA9B50>, <snowplow_tracker.self_describing_json.SelfDescribingJson object at 0x00000199D6EF40B0>]}


============================== 16:26:02.911501 | 07647cc6-e6a8-4b7a-9649-21cade50085a ==============================
[0m16:26:02.911501 [info ] [MainThread]: Running with dbt=1.9.1
[0m16:26:02.913501 [debug] [MainThread]: running dbt with arguments {'printer_width': '80', 'indirect_selection': 'eager', 'log_cache_events': 'False', 'write_json': 'True', 'partial_parse': 'True', 'cache_selected_only': 'False', 'warn_error': 'None', 'fail_fast': 'False', 'profiles_dir': 'C:\\Users\\Mosev\\.dbt', 'log_path': 'C:\\Users\\Mosev\\Documents\\GitHub\\Resource_Manager\\logs', 'debug': 'False', 'version_check': 'True', 'use_colors': 'True', 'use_experimental_parser': 'False', 'no_print': 'None', 'quiet': 'False', 'empty': 'None', 'log_format': 'default', 'static_parser': 'True', 'introspect': 'True', 'invocation_command': 'dbt clean', 'target_path': 'None', 'warn_error_options': 'WarnErrorOptions(include=[], exclude=[])', 'send_anonymous_usage_stats': 'True'}
[0m16:26:03.419752 [debug] [MainThread]: Sending event: {'category': 'dbt', 'action': 'project_id', 'label': '07647cc6-e6a8-4b7a-9649-21cade50085a', 'context': [<snowplow_tracker.self_describing_json.SelfDescribingJson object at 0x00000199D731B650>]}
[0m16:26:04.531218 [debug] [MainThread]: Command `dbt clean` succeeded at 16:26:04.530220 after 2.77 seconds
[0m16:26:04.533212 [debug] [MainThread]: Sending event: {'category': 'dbt', 'action': 'invocation', 'label': 'end', 'context': [<snowplow_tracker.self_describing_json.SelfDescribingJson object at 0x00000199D4C75340>, <snowplow_tracker.self_describing_json.SelfDescribingJson object at 0x00000199D725F920>, <snowplow_tracker.self_describing_json.SelfDescribingJson object at 0x00000199D6C060F0>]}
[0m16:26:04.536202 [debug] [MainThread]: Flushing usage events
[0m16:26:06.021458 [debug] [MainThread]: An error was encountered while trying to flush usage events
[0m16:26:39.875399 [debug] [MainThread]: Sending event: {'category': 'dbt', 'action': 'invocation', 'label': 'start', 'context': [<snowplow_tracker.self_describing_json.SelfDescribingJson object at 0x0000023621A47110>, <snowplow_tracker.self_describing_json.SelfDescribingJson object at 0x00000236241CCE30>, <snowplow_tracker.self_describing_json.SelfDescribingJson object at 0x00000236241CFE30>]}


============================== 16:26:39.896473 | bb5be862-d27c-4d4b-a9f6-bd520c4c5f40 ==============================
[0m16:26:39.896473 [info ] [MainThread]: Running with dbt=1.9.1
[0m16:26:39.898467 [debug] [MainThread]: running dbt with arguments {'printer_width': '80', 'indirect_selection': 'eager', 'log_cache_events': 'False', 'write_json': 'True', 'partial_parse': 'True', 'cache_selected_only': 'False', 'warn_error': 'None', 'version_check': 'True', 'profiles_dir': 'C:\\Users\\Mosev\\.dbt', 'log_path': 'C:\\Users\\Mosev\\Documents\\GitHub\\Resource_Manager\\logs', 'fail_fast': 'False', 'debug': 'False', 'use_colors': 'True', 'use_experimental_parser': 'False', 'no_print': 'None', 'quiet': 'False', 'empty': 'None', 'warn_error_options': 'WarnErrorOptions(include=[], exclude=[])', 'invocation_command': 'dbt deps', 'introspect': 'True', 'static_parser': 'True', 'target_path': 'None', 'log_format': 'default', 'send_anonymous_usage_stats': 'True'}
[0m16:26:40.206253 [debug] [MainThread]: Sending event: {'category': 'dbt', 'action': 'project_id', 'label': 'bb5be862-d27c-4d4b-a9f6-bd520c4c5f40', 'context': [<snowplow_tracker.self_describing_json.SelfDescribingJson object at 0x000002362440FAA0>]}
[0m16:26:40.708005 [info ] [MainThread]: Warning: No packages were found in packages.yml
[0m16:26:40.716760 [info ] [MainThread]: Warning: No packages were found in packages.yml
[0m16:26:40.723298 [debug] [MainThread]: Command `dbt deps` succeeded at 16:26:40.722148 after 1.45 seconds
[0m16:26:40.725290 [debug] [MainThread]: Sending event: {'category': 'dbt', 'action': 'invocation', 'label': 'end', 'context': [<snowplow_tracker.self_describing_json.SelfDescribingJson object at 0x00000236244D1640>, <snowplow_tracker.self_describing_json.SelfDescribingJson object at 0x000002362440FAA0>, <snowplow_tracker.self_describing_json.SelfDescribingJson object at 0x00000236244E97F0>]}
[0m16:26:40.727283 [debug] [MainThread]: Flushing usage events
[0m16:26:42.052030 [debug] [MainThread]: An error was encountered while trying to flush usage events
[0m16:29:21.303660 [debug] [MainThread]: Sending event: {'category': 'dbt', 'action': 'invocation', 'label': 'start', 'context': [<snowplow_tracker.self_describing_json.SelfDescribingJson object at 0x0000027F7E1A9400>, <snowplow_tracker.self_describing_json.SelfDescribingJson object at 0x0000027F7E1AA1B0>, <snowplow_tracker.self_describing_json.SelfDescribingJson object at 0x0000027F7B76F350>]}


============================== 16:29:21.322279 | 4655e90b-dc18-4ab4-9e18-2a4079f252e9 ==============================
[0m16:29:21.322279 [info ] [MainThread]: Running with dbt=1.9.1
[0m16:29:21.323405 [debug] [MainThread]: running dbt with arguments {'printer_width': '80', 'indirect_selection': 'eager', 'write_json': 'True', 'log_cache_events': 'False', 'partial_parse': 'True', 'cache_selected_only': 'False', 'profiles_dir': 'C:\\Users\\Mosev\\.dbt', 'version_check': 'True', 'fail_fast': 'False', 'log_path': 'C:\\Users\\Mosev\\Documents\\GitHub\\Resource_Manager\\logs', 'debug': 'False', 'warn_error': 'None', 'use_colors': 'True', 'use_experimental_parser': 'False', 'no_print': 'None', 'quiet': 'False', 'empty': 'None', 'log_format': 'default', 'introspect': 'True', 'invocation_command': 'dbt clean', 'static_parser': 'True', 'target_path': 'None', 'warn_error_options': 'WarnErrorOptions(include=[], exclude=[])', 'send_anonymous_usage_stats': 'True'}
[0m16:29:21.580141 [debug] [MainThread]: Sending event: {'category': 'dbt', 'action': 'project_id', 'label': '4655e90b-dc18-4ab4-9e18-2a4079f252e9', 'context': [<snowplow_tracker.self_describing_json.SelfDescribingJson object at 0x0000027F7E560830>]}
[0m16:29:21.619643 [debug] [MainThread]: Command `dbt clean` succeeded at 16:29:21.619643 after 0.96 seconds
[0m16:29:21.620642 [debug] [MainThread]: Sending event: {'category': 'dbt', 'action': 'invocation', 'label': 'end', 'context': [<snowplow_tracker.self_describing_json.SelfDescribingJson object at 0x0000027F7DB7BA70>, <snowplow_tracker.self_describing_json.SelfDescribingJson object at 0x0000027F7E70BF50>, <snowplow_tracker.self_describing_json.SelfDescribingJson object at 0x0000027F7E1AA1B0>]}
[0m16:29:21.620642 [debug] [MainThread]: Flushing usage events
[0m16:29:23.128573 [debug] [MainThread]: An error was encountered while trying to flush usage events
[0m08:56:32.452013 [debug] [MainThread]: Sending event: {'category': 'dbt', 'action': 'invocation', 'label': 'start', 'context': [<snowplow_tracker.self_describing_json.SelfDescribingJson object at 0x0000029D216A1910>, <snowplow_tracker.self_describing_json.SelfDescribingJson object at 0x0000029D235A7320>, <snowplow_tracker.self_describing_json.SelfDescribingJson object at 0x0000029D242BBA10>]}


============================== 08:56:32.460588 | 26cbad08-d016-4e14-b49e-eed9b928377a ==============================
[0m08:56:32.460588 [info ] [MainThread]: Running with dbt=1.9.1
[0m08:56:32.460588 [debug] [MainThread]: running dbt with arguments {'printer_width': '80', 'indirect_selection': 'eager', 'write_json': 'True', 'log_cache_events': 'False', 'partial_parse': 'True', 'cache_selected_only': 'False', 'profiles_dir': 'C:\\Users\\Mosev\\.dbt', 'fail_fast': 'False', 'warn_error': 'None', 'log_path': 'c:\\Users\\Mosev\\Documents\\GitHub\\Resource_Manager\\logs', 'version_check': 'True', 'debug': 'False', 'use_colors': 'True', 'use_experimental_parser': 'False', 'no_print': 'None', 'quiet': 'False', 'empty': 'None', 'warn_error_options': 'WarnErrorOptions(include=[], exclude=[])', 'invocation_command': 'dbt ', 'introspect': 'True', 'static_parser': 'True', 'target_path': 'None', 'log_format': 'default', 'send_anonymous_usage_stats': 'True'}
[0m08:56:43.250998 [debug] [MainThread]: Sending event: {'category': 'dbt', 'action': 'project_id', 'label': '26cbad08-d016-4e14-b49e-eed9b928377a', 'context': [<snowplow_tracker.self_describing_json.SelfDescribingJson object at 0x0000029D29546840>]}
[0m08:56:43.308872 [debug] [MainThread]: Sending event: {'category': 'dbt', 'action': 'adapter_info', 'label': '26cbad08-d016-4e14-b49e-eed9b928377a', 'context': [<snowplow_tracker.self_describing_json.SelfDescribingJson object at 0x0000029D2957D460>]}
[0m08:56:43.308872 [info ] [MainThread]: Registered adapter: bigquery=1.9.0
[0m08:56:43.939700 [debug] [MainThread]: checksum: cac3b9519010e47bfbeb71ca6efb4867dae2858687671594dc23fefc94ecf25d, vars: {}, profile: , target: dev, version: 1.9.1
[0m08:56:44.084855 [info ] [MainThread]: Unable to do partial parsing because config vars, config profile, or config target have changed
[0m08:56:44.085857 [debug] [MainThread]: previous checksum: cac3b9519010e47bfbeb71ca6efb4867dae2858687671594dc23fefc94ecf25d, current checksum: 5e8d1596cf4eae33c11286bbb248a722d21b9f00d8a7ced8137c642517055418
[0m08:56:44.086851 [debug] [MainThread]: Sending event: {'category': 'dbt', 'action': 'partial_parser', 'label': '26cbad08-d016-4e14-b49e-eed9b928377a', 'context': [<snowplow_tracker.self_describing_json.SelfDescribingJson object at 0x0000029D23FFEA80>]}
[0m08:56:47.782661 [warn ] [MainThread]: [[33mWARNING[0m]: Configuration paths exist in your dbt_project.yml file which do not apply to any resources.
There are 1 unused configuration paths:
- models.resource_manager_model.models.staging
[0m08:56:47.787643 [debug] [MainThread]: Sending event: {'category': 'dbt', 'action': 'load_project', 'label': '26cbad08-d016-4e14-b49e-eed9b928377a', 'context': [<snowplow_tracker.self_describing_json.SelfDescribingJson object at 0x0000029D29CF17F0>]}
[0m08:56:47.829131 [debug] [MainThread]: Wrote artifact WritableManifest to c:\Users\Mosev\Documents\GitHub\Resource_Manager\target\manifest.json
[0m08:56:47.865744 [debug] [MainThread]: Wrote artifact SemanticManifest to c:\Users\Mosev\Documents\GitHub\Resource_Manager\target\semantic_manifest.json
[0m08:56:48.203785 [debug] [MainThread]: Sending event: {'category': 'dbt', 'action': 'resource_counts', 'label': '26cbad08-d016-4e14-b49e-eed9b928377a', 'context': [<snowplow_tracker.self_describing_json.SelfDescribingJson object at 0x0000029D29F7B830>]}
[0m08:56:48.204823 [info ] [MainThread]: Found 489 macros
[0m08:56:48.204823 [debug] [MainThread]: Sending event: {'category': 'dbt', 'action': 'runnable_timing', 'label': '26cbad08-d016-4e14-b49e-eed9b928377a', 'context': [<snowplow_tracker.self_describing_json.SelfDescribingJson object at 0x0000029D29D47D40>]}
[0m08:56:48.205778 [warn ] [MainThread]: The selection criterion 'stg_db_staff' does not match any enabled nodes
[0m08:56:48.206776 [warn ] [MainThread]: Nothing to do. Try checking your model configs and model specification args
[0m08:56:48.207836 [debug] [MainThread]: Command end result
[0m08:56:48.239748 [debug] [MainThread]: Wrote artifact WritableManifest to c:\Users\Mosev\Documents\GitHub\Resource_Manager\target\manifest.json
[0m08:56:48.243737 [debug] [MainThread]: Wrote artifact SemanticManifest to c:\Users\Mosev\Documents\GitHub\Resource_Manager\target\semantic_manifest.json
[0m08:56:48.251640 [debug] [MainThread]: Wrote artifact RunExecutionResult to c:\Users\Mosev\Documents\GitHub\Resource_Manager\target\run_results.json
[0m08:56:48.252632 [debug] [MainThread]: Command `cli test` succeeded at 08:56:48.252632 after 16.18 seconds
[0m08:56:48.253628 [debug] [MainThread]: Sending event: {'category': 'dbt', 'action': 'invocation', 'label': 'end', 'context': [<snowplow_tracker.self_describing_json.SelfDescribingJson object at 0x0000029D244B3FB0>, <snowplow_tracker.self_describing_json.SelfDescribingJson object at 0x0000029D23FFEF60>, <snowplow_tracker.self_describing_json.SelfDescribingJson object at 0x0000029D23FFF470>]}
[0m08:56:48.253628 [debug] [MainThread]: Flushing usage events
[0m08:56:49.914052 [debug] [MainThread]: An error was encountered while trying to flush usage events
[0m08:58:23.622647 [debug] [MainThread]: Sending event: {'category': 'dbt', 'action': 'invocation', 'label': 'start', 'context': [<snowplow_tracker.self_describing_json.SelfDescribingJson object at 0x0000021AFD5723C0>, <snowplow_tracker.self_describing_json.SelfDescribingJson object at 0x0000021A811F16A0>, <snowplow_tracker.self_describing_json.SelfDescribingJson object at 0x0000021A811F18E0>]}


============================== 08:58:23.626680 | 0699e3ee-af94-4faa-8ea3-dc0560dd9c94 ==============================
[0m08:58:23.626680 [info ] [MainThread]: Running with dbt=1.9.1
[0m08:58:23.627673 [debug] [MainThread]: running dbt with arguments {'printer_width': '80', 'indirect_selection': 'eager', 'log_cache_events': 'False', 'write_json': 'True', 'partial_parse': 'True', 'cache_selected_only': 'False', 'warn_error': 'None', 'version_check': 'True', 'debug': 'False', 'log_path': 'c:\\Users\\Mosev\\Documents\\GitHub\\Resource_Manager\\logs', 'fail_fast': 'False', 'profiles_dir': 'C:\\Users\\Mosev\\.dbt', 'use_colors': 'True', 'use_experimental_parser': 'False', 'no_print': 'None', 'quiet': 'False', 'empty': 'None', 'warn_error_options': 'WarnErrorOptions(include=[], exclude=[])', 'introspect': 'True', 'log_format': 'default', 'static_parser': 'True', 'target_path': 'None', 'invocation_command': 'dbt ', 'send_anonymous_usage_stats': 'True'}
[0m08:58:25.723942 [debug] [MainThread]: Sending event: {'category': 'dbt', 'action': 'project_id', 'label': '0699e3ee-af94-4faa-8ea3-dc0560dd9c94', 'context': [<snowplow_tracker.self_describing_json.SelfDescribingJson object at 0x0000021A81DC33B0>]}
[0m08:58:25.785908 [debug] [MainThread]: Sending event: {'category': 'dbt', 'action': 'adapter_info', 'label': '0699e3ee-af94-4faa-8ea3-dc0560dd9c94', 'context': [<snowplow_tracker.self_describing_json.SelfDescribingJson object at 0x0000021A86CD1DC0>]}
[0m08:58:25.786905 [info ] [MainThread]: Registered adapter: bigquery=1.9.0
[0m08:58:26.218691 [debug] [MainThread]: checksum: cac3b9519010e47bfbeb71ca6efb4867dae2858687671594dc23fefc94ecf25d, vars: {}, profile: , target: dev, version: 1.9.1
[0m08:58:26.314325 [info ] [MainThread]: Unable to do partial parsing because config vars, config profile, or config target have changed
[0m08:58:26.315323 [debug] [MainThread]: previous checksum: cac3b9519010e47bfbeb71ca6efb4867dae2858687671594dc23fefc94ecf25d, current checksum: 5e8d1596cf4eae33c11286bbb248a722d21b9f00d8a7ced8137c642517055418
[0m08:58:26.315323 [debug] [MainThread]: Sending event: {'category': 'dbt', 'action': 'partial_parser', 'label': '0699e3ee-af94-4faa-8ea3-dc0560dd9c94', 'context': [<snowplow_tracker.self_describing_json.SelfDescribingJson object at 0x0000021A86D8E090>]}
[0m08:58:27.177702 [warn ] [MainThread]: [[33mWARNING[0m]: Configuration paths exist in your dbt_project.yml file which do not apply to any resources.
There are 1 unused configuration paths:
- models.resource_manager_model.staging
[0m08:58:27.184750 [debug] [MainThread]: Sending event: {'category': 'dbt', 'action': 'load_project', 'label': '0699e3ee-af94-4faa-8ea3-dc0560dd9c94', 'context': [<snowplow_tracker.self_describing_json.SelfDescribingJson object at 0x0000021A874E7B00>]}
[0m08:58:27.227234 [debug] [MainThread]: Wrote artifact WritableManifest to c:\Users\Mosev\Documents\GitHub\Resource_Manager\target\manifest.json
[0m08:58:27.237102 [debug] [MainThread]: Wrote artifact SemanticManifest to c:\Users\Mosev\Documents\GitHub\Resource_Manager\target\semantic_manifest.json
[0m08:58:27.282287 [debug] [MainThread]: Sending event: {'category': 'dbt', 'action': 'resource_counts', 'label': '0699e3ee-af94-4faa-8ea3-dc0560dd9c94', 'context': [<snowplow_tracker.self_describing_json.SelfDescribingJson object at 0x0000021A8778E9F0>]}
[0m08:58:27.284283 [info ] [MainThread]: Found 489 macros
[0m08:58:27.285274 [debug] [MainThread]: Sending event: {'category': 'dbt', 'action': 'runnable_timing', 'label': '0699e3ee-af94-4faa-8ea3-dc0560dd9c94', 'context': [<snowplow_tracker.self_describing_json.SelfDescribingJson object at 0x0000021A87417CE0>]}
[0m08:58:27.285274 [warn ] [MainThread]: The selection criterion 'final_staff_model' does not match any enabled nodes
[0m08:58:27.286272 [warn ] [MainThread]: Nothing to do. Try checking your model configs and model specification args
[0m08:58:27.287298 [debug] [MainThread]: Command end result
[0m08:58:27.315954 [debug] [MainThread]: Wrote artifact WritableManifest to c:\Users\Mosev\Documents\GitHub\Resource_Manager\target\manifest.json
[0m08:58:27.321934 [debug] [MainThread]: Wrote artifact SemanticManifest to c:\Users\Mosev\Documents\GitHub\Resource_Manager\target\semantic_manifest.json
[0m08:58:27.325921 [debug] [MainThread]: Wrote artifact RunExecutionResult to c:\Users\Mosev\Documents\GitHub\Resource_Manager\target\run_results.json
[0m08:58:27.327963 [debug] [MainThread]: Command `cli test` succeeded at 08:58:27.327963 after 3.95 seconds
[0m08:58:27.327963 [debug] [MainThread]: Sending event: {'category': 'dbt', 'action': 'invocation', 'label': 'end', 'context': [<snowplow_tracker.self_describing_json.SelfDescribingJson object at 0x0000021A81B59C10>, <snowplow_tracker.self_describing_json.SelfDescribingJson object at 0x0000021A81C6BFE0>, <snowplow_tracker.self_describing_json.SelfDescribingJson object at 0x0000021A817232C0>]}
[0m08:58:27.329061 [debug] [MainThread]: Flushing usage events
[0m08:58:29.257453 [debug] [MainThread]: An error was encountered while trying to flush usage events
[0m08:58:55.060391 [debug] [MainThread]: Sending event: {'category': 'dbt', 'action': 'invocation', 'label': 'start', 'context': [<snowplow_tracker.self_describing_json.SelfDescribingJson object at 0x000001FD00A07440>, <snowplow_tracker.self_describing_json.SelfDescribingJson object at 0x000001FD007173E0>, <snowplow_tracker.self_describing_json.SelfDescribingJson object at 0x000001FD00A656D0>]}


============================== 08:58:55.067366 | 93fe94cd-39a6-45d4-96cc-f37e94a97f99 ==============================
[0m08:58:55.067366 [info ] [MainThread]: Running with dbt=1.9.1
[0m08:58:55.068370 [debug] [MainThread]: running dbt with arguments {'printer_width': '80', 'indirect_selection': 'eager', 'write_json': 'True', 'log_cache_events': 'False', 'partial_parse': 'True', 'cache_selected_only': 'False', 'warn_error': 'None', 'debug': 'False', 'profiles_dir': 'C:\\Users\\Mosev\\.dbt', 'log_path': 'c:\\Users\\Mosev\\Documents\\GitHub\\Resource_Manager\\logs', 'version_check': 'True', 'fail_fast': 'False', 'use_colors': 'True', 'use_experimental_parser': 'False', 'no_print': 'None', 'quiet': 'False', 'empty': 'None', 'log_format': 'default', 'static_parser': 'True', 'warn_error_options': 'WarnErrorOptions(include=[], exclude=[])', 'introspect': 'True', 'target_path': 'None', 'invocation_command': 'dbt ', 'send_anonymous_usage_stats': 'True'}
[0m08:58:57.054368 [debug] [MainThread]: Sending event: {'category': 'dbt', 'action': 'project_id', 'label': '93fe94cd-39a6-45d4-96cc-f37e94a97f99', 'context': [<snowplow_tracker.self_describing_json.SelfDescribingJson object at 0x000001FD05EBD4C0>]}
[0m08:58:57.117154 [debug] [MainThread]: Sending event: {'category': 'dbt', 'action': 'adapter_info', 'label': '93fe94cd-39a6-45d4-96cc-f37e94a97f99', 'context': [<snowplow_tracker.self_describing_json.SelfDescribingJson object at 0x000001FD008E78C0>]}
[0m08:58:57.118149 [info ] [MainThread]: Registered adapter: bigquery=1.9.0
[0m08:58:57.518247 [debug] [MainThread]: checksum: cac3b9519010e47bfbeb71ca6efb4867dae2858687671594dc23fefc94ecf25d, vars: {}, profile: , target: dev, version: 1.9.1
[0m08:58:57.591015 [info ] [MainThread]: Unable to do partial parsing because config vars, config profile, or config target have changed
[0m08:58:57.591015 [debug] [MainThread]: previous checksum: cac3b9519010e47bfbeb71ca6efb4867dae2858687671594dc23fefc94ecf25d, current checksum: 5e8d1596cf4eae33c11286bbb248a722d21b9f00d8a7ced8137c642517055418
[0m08:58:57.591929 [debug] [MainThread]: Sending event: {'category': 'dbt', 'action': 'partial_parser', 'label': '93fe94cd-39a6-45d4-96cc-f37e94a97f99', 'context': [<snowplow_tracker.self_describing_json.SelfDescribingJson object at 0x000001FD00A42B70>]}
[0m08:58:58.465308 [warn ] [MainThread]: [[33mWARNING[0m]: Configuration paths exist in your dbt_project.yml file which do not apply to any resources.
There are 1 unused configuration paths:
- models.resource_manager.staging
[0m08:58:58.471371 [debug] [MainThread]: Sending event: {'category': 'dbt', 'action': 'load_project', 'label': '93fe94cd-39a6-45d4-96cc-f37e94a97f99', 'context': [<snowplow_tracker.self_describing_json.SelfDescribingJson object at 0x000001FD066086B0>]}
[0m08:58:58.517210 [debug] [MainThread]: Wrote artifact WritableManifest to c:\Users\Mosev\Documents\GitHub\Resource_Manager\target\manifest.json
[0m08:58:58.524612 [debug] [MainThread]: Wrote artifact SemanticManifest to c:\Users\Mosev\Documents\GitHub\Resource_Manager\target\semantic_manifest.json
[0m08:58:58.572181 [debug] [MainThread]: Sending event: {'category': 'dbt', 'action': 'resource_counts', 'label': '93fe94cd-39a6-45d4-96cc-f37e94a97f99', 'context': [<snowplow_tracker.self_describing_json.SelfDescribingJson object at 0x000001FD066547D0>]}
[0m08:58:58.573183 [info ] [MainThread]: Found 489 macros
[0m08:58:58.573183 [debug] [MainThread]: Sending event: {'category': 'dbt', 'action': 'runnable_timing', 'label': '93fe94cd-39a6-45d4-96cc-f37e94a97f99', 'context': [<snowplow_tracker.self_describing_json.SelfDescribingJson object at 0x000001FD065476E0>]}
[0m08:58:58.574228 [warn ] [MainThread]: The selection criterion 'final_staff_model' does not match any enabled nodes
[0m08:58:58.575248 [warn ] [MainThread]: Nothing to do. Try checking your model configs and model specification args
[0m08:58:58.576248 [debug] [MainThread]: Command end result
[0m08:58:58.600915 [debug] [MainThread]: Wrote artifact WritableManifest to c:\Users\Mosev\Documents\GitHub\Resource_Manager\target\manifest.json
[0m08:58:58.606680 [debug] [MainThread]: Wrote artifact SemanticManifest to c:\Users\Mosev\Documents\GitHub\Resource_Manager\target\semantic_manifest.json
[0m08:58:58.609754 [debug] [MainThread]: Wrote artifact RunExecutionResult to c:\Users\Mosev\Documents\GitHub\Resource_Manager\target\run_results.json
[0m08:58:58.612705 [debug] [MainThread]: Command `cli test` succeeded at 08:58:58.612705 after 3.83 seconds
[0m08:58:58.612705 [debug] [MainThread]: Sending event: {'category': 'dbt', 'action': 'invocation', 'label': 'end', 'context': [<snowplow_tracker.self_describing_json.SelfDescribingJson object at 0x000001FD7FF0A7B0>, <snowplow_tracker.self_describing_json.SelfDescribingJson object at 0x000001FD7DF178F0>, <snowplow_tracker.self_describing_json.SelfDescribingJson object at 0x000001FD00BC6F90>]}
[0m08:58:58.614740 [debug] [MainThread]: Flushing usage events
[0m08:59:01.652623 [debug] [MainThread]: An error was encountered while trying to flush usage events
[0m08:30:16.336495 [debug] [MainThread]: Sending event: {'category': 'dbt', 'action': 'invocation', 'label': 'start', 'context': [<snowplow_tracker.self_describing_json.SelfDescribingJson object at 0x0000012FEA3A3AD0>, <snowplow_tracker.self_describing_json.SelfDescribingJson object at 0x0000012FEC89A1E0>, <snowplow_tracker.self_describing_json.SelfDescribingJson object at 0x0000012FE987AA20>]}


============================== 08:30:16.407105 | bc127001-f515-49ac-ba12-ea50267abc0c ==============================
[0m08:30:16.407105 [info ] [MainThread]: Running with dbt=1.8.0
[0m08:30:16.407105 [debug] [MainThread]: running dbt with arguments {'printer_width': '80', 'indirect_selection': 'eager', 'write_json': 'True', 'log_cache_events': 'False', 'partial_parse': 'True', 'cache_selected_only': 'False', 'profiles_dir': 'C:\\Users\\Mosev\\.dbt', 'version_check': 'True', 'warn_error': 'None', 'log_path': 'c:\\Users\\Mosev\\OneDrive - SAFAL GROUP\\Documents\\GitHub\\Resource_Manager\\logs', 'debug': 'False', 'fail_fast': 'False', 'use_colors': 'True', 'use_experimental_parser': 'False', 'no_print': 'None', 'quiet': 'False', 'log_format': 'default', 'invocation_command': 'dbt ', 'introspect': 'True', 'warn_error_options': 'WarnErrorOptions(include=[], exclude=[])', 'target_path': 'None', 'static_parser': 'True', 'send_anonymous_usage_stats': 'True'}
[0m08:30:16.609150 [debug] [MainThread]: Sending event: {'category': 'dbt', 'action': 'project_id', 'label': 'bc127001-f515-49ac-ba12-ea50267abc0c', 'context': [<snowplow_tracker.self_describing_json.SelfDescribingJson object at 0x0000012FED24EF60>]}
[0m08:30:17.691417 [info ] [MainThread]: Warning: No packages were found in packages.yml
[0m08:30:17.692924 [info ] [MainThread]: Warning: No packages were found in packages.yml
[0m08:30:17.701066 [debug] [MainThread]: Command `cli deps` succeeded at 08:30:17.698514 after 1.99 seconds
[0m08:30:17.702066 [debug] [MainThread]: Sending event: {'category': 'dbt', 'action': 'invocation', 'label': 'end', 'context': [<snowplow_tracker.self_describing_json.SelfDescribingJson object at 0x0000012FEA3A3AD0>, <snowplow_tracker.self_describing_json.SelfDescribingJson object at 0x0000012FED296B10>, <snowplow_tracker.self_describing_json.SelfDescribingJson object at 0x0000012FEC90DB50>]}
[0m08:30:17.703065 [debug] [MainThread]: Flushing usage events
[0m19:13:27.773309 [debug] [MainThread]: Sending event: {'category': 'dbt', 'action': 'invocation', 'label': 'start', 'context': [<snowplow_tracker.self_describing_json.SelfDescribingJson object at 0x000001B44FB4E960>, <snowplow_tracker.self_describing_json.SelfDescribingJson object at 0x000001B44FB4CB30>, <snowplow_tracker.self_describing_json.SelfDescribingJson object at 0x000001B4501015B0>]}


============================== 19:13:27.859877 | 1de05cb8-1706-4e89-87c4-c59a4e71fb69 ==============================
[0m19:13:27.859877 [info ] [MainThread]: Running with dbt=1.8.0
[0m19:13:27.861878 [debug] [MainThread]: running dbt with arguments {'printer_width': '80', 'indirect_selection': 'eager', 'log_cache_events': 'False', 'write_json': 'True', 'partial_parse': 'True', 'cache_selected_only': 'False', 'profiles_dir': 'C:\\Users\\Mosev\\.dbt', 'version_check': 'True', 'debug': 'False', 'log_path': 'c:\\Users\\Mosev\\OneDrive - SAFAL GROUP\\Documents\\GitHub\\Resource_Manager\\logs', 'warn_error': 'None', 'fail_fast': 'False', 'use_colors': 'True', 'use_experimental_parser': 'False', 'no_print': 'None', 'quiet': 'False', 'log_format': 'default', 'static_parser': 'True', 'warn_error_options': 'WarnErrorOptions(include=[], exclude=[])', 'introspect': 'True', 'target_path': 'None', 'invocation_command': 'dbt ', 'send_anonymous_usage_stats': 'True'}
[0m19:13:28.056792 [debug] [MainThread]: Sending event: {'category': 'dbt', 'action': 'project_id', 'label': '1de05cb8-1706-4e89-87c4-c59a4e71fb69', 'context': [<snowplow_tracker.self_describing_json.SelfDescribingJson object at 0x000001B44DF2A930>]}
[0m19:13:29.598605 [info ] [MainThread]: Warning: No packages were found in packages.yml
[0m19:13:29.608592 [info ] [MainThread]: Warning: No packages were found in packages.yml
[0m19:13:29.612604 [debug] [MainThread]: Command `cli deps` succeeded at 19:13:29.612604 after 2.48 seconds
[0m19:13:29.613602 [debug] [MainThread]: Sending event: {'category': 'dbt', 'action': 'invocation', 'label': 'end', 'context': [<snowplow_tracker.self_describing_json.SelfDescribingJson object at 0x000001B450139820>, <snowplow_tracker.self_describing_json.SelfDescribingJson object at 0x000001B45013B680>, <snowplow_tracker.self_describing_json.SelfDescribingJson object at 0x000001B4505E3830>]}
[0m19:13:29.613602 [debug] [MainThread]: Flushing usage events
[0m08:04:26.556902 [debug] [MainThread]: Sending event: {'category': 'dbt', 'action': 'invocation', 'label': 'start', 'context': [<snowplow_tracker.self_describing_json.SelfDescribingJson object at 0x000002777D714590>, <snowplow_tracker.self_describing_json.SelfDescribingJson object at 0x000002777FCF3800>, <snowplow_tracker.self_describing_json.SelfDescribingJson object at 0x000002777FDB6600>]}


============================== 08:04:26.722077 | 891a35ef-b574-4bcc-8256-d272df5e02fd ==============================
[0m08:04:26.722077 [info ] [MainThread]: Running with dbt=1.8.0
[0m08:04:26.725085 [debug] [MainThread]: running dbt with arguments {'printer_width': '80', 'indirect_selection': 'eager', 'log_cache_events': 'False', 'write_json': 'True', 'partial_parse': 'True', 'cache_selected_only': 'False', 'warn_error': 'None', 'version_check': 'True', 'fail_fast': 'False', 'log_path': 'c:\\Users\\Mosev\\OneDrive - SAFAL GROUP\\Documents\\GitHub\\Resource_Manager\\logs', 'debug': 'False', 'profiles_dir': 'C:\\Users\\Mosev\\.dbt', 'use_colors': 'True', 'use_experimental_parser': 'False', 'no_print': 'None', 'quiet': 'False', 'log_format': 'default', 'static_parser': 'True', 'introspect': 'True', 'warn_error_options': 'WarnErrorOptions(include=[], exclude=[])', 'target_path': 'None', 'invocation_command': 'dbt ', 'send_anonymous_usage_stats': 'True'}
[0m08:04:27.429074 [debug] [MainThread]: Sending event: {'category': 'dbt', 'action': 'project_id', 'label': '891a35ef-b574-4bcc-8256-d272df5e02fd', 'context': [<snowplow_tracker.self_describing_json.SelfDescribingJson object at 0x0000027700157770>]}
[0m08:04:30.262682 [info ] [MainThread]: Warning: No packages were found in packages.yml
[0m08:04:30.270669 [info ] [MainThread]: Warning: No packages were found in packages.yml
[0m08:04:30.273666 [debug] [MainThread]: Command `cli deps` succeeded at 08:04:30.273666 after 4.96 seconds
[0m08:04:30.275659 [debug] [MainThread]: Sending event: {'category': 'dbt', 'action': 'invocation', 'label': 'end', 'context': [<snowplow_tracker.self_describing_json.SelfDescribingJson object at 0x000002777F42BFE0>, <snowplow_tracker.self_describing_json.SelfDescribingJson object at 0x000002777FDB6E70>, <snowplow_tracker.self_describing_json.SelfDescribingJson object at 0x00000277006D3FE0>]}
[0m08:04:30.277659 [debug] [MainThread]: Flushing usage events
[0m09:13:33.191582 [debug] [MainThread]: Sending event: {'category': 'dbt', 'action': 'invocation', 'label': 'start', 'context': [<snowplow_tracker.self_describing_json.SelfDescribingJson object at 0x0000027BB2229E20>, <snowplow_tracker.self_describing_json.SelfDescribingJson object at 0x0000027BB27D60C0>, <snowplow_tracker.self_describing_json.SelfDescribingJson object at 0x0000027BB27FC170>]}


============================== 09:13:33.245372 | eadb9000-3234-4cb2-a05c-e11a178d44d3 ==============================
[0m09:13:33.245372 [info ] [MainThread]: Running with dbt=1.8.0
[0m09:13:33.246371 [debug] [MainThread]: running dbt with arguments {'printer_width': '80', 'indirect_selection': 'eager', 'log_cache_events': 'False', 'write_json': 'True', 'partial_parse': 'True', 'cache_selected_only': 'False', 'profiles_dir': 'C:\\Users\\Mosev\\.dbt', 'fail_fast': 'False', 'version_check': 'True', 'log_path': 'c:\\Users\\Mosev\\OneDrive - SAFAL GROUP\\Documents\\GitHub\\Resource_Manager\\logs', 'debug': 'False', 'warn_error': 'None', 'use_colors': 'True', 'use_experimental_parser': 'False', 'no_print': 'None', 'quiet': 'False', 'warn_error_options': 'WarnErrorOptions(include=[], exclude=[])', 'introspect': 'True', 'log_format': 'default', 'static_parser': 'True', 'target_path': 'None', 'invocation_command': 'dbt ', 'send_anonymous_usage_stats': 'True'}
[0m09:13:33.372365 [debug] [MainThread]: Sending event: {'category': 'dbt', 'action': 'project_id', 'label': 'eadb9000-3234-4cb2-a05c-e11a178d44d3', 'context': [<snowplow_tracker.self_describing_json.SelfDescribingJson object at 0x0000027BB23C79E0>]}
[0m09:13:34.061693 [info ] [MainThread]: Warning: No packages were found in packages.yml
[0m09:13:34.067689 [info ] [MainThread]: Warning: No packages were found in packages.yml
[0m09:13:34.068690 [debug] [MainThread]: Command `cli deps` succeeded at 09:13:34.068690 after 1.23 seconds
[0m09:13:34.070030 [debug] [MainThread]: Sending event: {'category': 'dbt', 'action': 'invocation', 'label': 'end', 'context': [<snowplow_tracker.self_describing_json.SelfDescribingJson object at 0x0000027BB24B32F0>, <snowplow_tracker.self_describing_json.SelfDescribingJson object at 0x0000027BB25829F0>, <snowplow_tracker.self_describing_json.SelfDescribingJson object at 0x0000027BB2F15370>]}
[0m09:13:34.071052 [debug] [MainThread]: Flushing usage events
[0m08:49:16.037324 [debug] [MainThread]: Sending event: {'category': 'dbt', 'action': 'invocation', 'label': 'start', 'context': [<snowplow_tracker.self_describing_json.SelfDescribingJson object at 0x0000016E72955370>, <snowplow_tracker.self_describing_json.SelfDescribingJson object at 0x0000016E706A2450>, <snowplow_tracker.self_describing_json.SelfDescribingJson object at 0x0000016E72710680>]}


============================== 08:49:16.099865 | f48152d4-781d-479a-a6ca-fe187f279a83 ==============================
[0m08:49:16.099865 [info ] [MainThread]: Running with dbt=1.8.0
[0m08:49:16.102869 [debug] [MainThread]: running dbt with arguments {'printer_width': '80', 'indirect_selection': 'eager', 'log_cache_events': 'False', 'write_json': 'True', 'partial_parse': 'True', 'cache_selected_only': 'False', 'warn_error': 'None', 'fail_fast': 'False', 'version_check': 'True', 'log_path': 'c:\\Users\\Mosev\\OneDrive - SAFAL GROUP\\Documents\\GitHub\\Resource_Manager\\logs', 'debug': 'False', 'profiles_dir': 'C:\\Users\\Mosev\\.dbt', 'use_colors': 'True', 'use_experimental_parser': 'False', 'no_print': 'None', 'quiet': 'False', 'warn_error_options': 'WarnErrorOptions(include=[], exclude=[])', 'invocation_command': 'dbt ', 'static_parser': 'True', 'log_format': 'default', 'target_path': 'None', 'introspect': 'True', 'send_anonymous_usage_stats': 'True'}
[0m08:49:16.443413 [debug] [MainThread]: Sending event: {'category': 'dbt', 'action': 'project_id', 'label': 'f48152d4-781d-479a-a6ca-fe187f279a83', 'context': [<snowplow_tracker.self_describing_json.SelfDescribingJson object at 0x0000016E72C52210>]}
[0m08:49:17.421752 [info ] [MainThread]: Warning: No packages were found in packages.yml
[0m08:49:17.427752 [info ] [MainThread]: Warning: No packages were found in packages.yml
[0m08:49:17.431752 [debug] [MainThread]: Command `cli deps` succeeded at 08:49:17.431752 after 2.17 seconds
[0m08:49:17.433754 [debug] [MainThread]: Sending event: {'category': 'dbt', 'action': 'invocation', 'label': 'end', 'context': [<snowplow_tracker.self_describing_json.SelfDescribingJson object at 0x0000016E7232E930>, <snowplow_tracker.self_describing_json.SelfDescribingJson object at 0x0000016E72BD1C70>, <snowplow_tracker.self_describing_json.SelfDescribingJson object at 0x0000016E72D1E1E0>]}
[0m08:49:17.436768 [debug] [MainThread]: Flushing usage events
[0m07:49:21.058836 [debug] [MainThread]: Sending event: {'category': 'dbt', 'action': 'invocation', 'label': 'start', 'context': [<snowplow_tracker.self_describing_json.SelfDescribingJson object at 0x000002538DD96060>, <snowplow_tracker.self_describing_json.SelfDescribingJson object at 0x000002538D2E51C0>, <snowplow_tracker.self_describing_json.SelfDescribingJson object at 0x000002538DA446E0>]}


============================== 07:49:21.143948 | ab438947-35b9-451c-9120-24f2cf6b641c ==============================
[0m07:49:21.143948 [info ] [MainThread]: Running with dbt=1.8.0
[0m07:49:21.146374 [debug] [MainThread]: running dbt with arguments {'printer_width': '80', 'indirect_selection': 'eager', 'log_cache_events': 'False', 'write_json': 'True', 'partial_parse': 'True', 'cache_selected_only': 'False', 'warn_error': 'None', 'version_check': 'True', 'profiles_dir': 'C:\\Users\\Mosev\\.dbt', 'log_path': 'c:\\Users\\Mosev\\OneDrive - SAFAL GROUP\\Documents\\GitHub\\Resource_Manager\\logs', 'debug': 'False', 'fail_fast': 'False', 'use_colors': 'True', 'use_experimental_parser': 'False', 'no_print': 'None', 'quiet': 'False', 'warn_error_options': 'WarnErrorOptions(include=[], exclude=[])', 'static_parser': 'True', 'introspect': 'True', 'invocation_command': 'dbt ', 'target_path': 'None', 'log_format': 'default', 'send_anonymous_usage_stats': 'True'}
[0m07:49:21.706587 [debug] [MainThread]: Sending event: {'category': 'dbt', 'action': 'project_id', 'label': 'ab438947-35b9-451c-9120-24f2cf6b641c', 'context': [<snowplow_tracker.self_describing_json.SelfDescribingJson object at 0x000002538DE0FC50>]}
[0m07:49:22.975413 [info ] [MainThread]: Warning: No packages were found in packages.yml
[0m07:49:22.982939 [info ] [MainThread]: Warning: No packages were found in packages.yml
[0m07:49:22.987175 [debug] [MainThread]: Command `cli deps` succeeded at 07:49:22.986184 after 3.66 seconds
[0m07:49:22.988174 [debug] [MainThread]: Sending event: {'category': 'dbt', 'action': 'invocation', 'label': 'end', 'context': [<snowplow_tracker.self_describing_json.SelfDescribingJson object at 0x000002538DD65B50>, <snowplow_tracker.self_describing_json.SelfDescribingJson object at 0x000002538E3722D0>, <snowplow_tracker.self_describing_json.SelfDescribingJson object at 0x000002538D69C6B0>]}
[0m07:49:22.989158 [debug] [MainThread]: Flushing usage events
[0m15:26:34.361492 [debug] [MainThread]: Sending event: {'category': 'dbt', 'action': 'invocation', 'label': 'start', 'context': [<snowplow_tracker.self_describing_json.SelfDescribingJson object at 0x00000263120C0410>, <snowplow_tracker.self_describing_json.SelfDescribingJson object at 0x0000026310230080>, <snowplow_tracker.self_describing_json.SelfDescribingJson object at 0x0000026311186B40>]}


============================== 15:26:34.459027 | 5968735c-9c6f-4305-84cc-463feb487bde ==============================
[0m15:26:34.459027 [info ] [MainThread]: Running with dbt=1.8.0
[0m15:26:34.462035 [debug] [MainThread]: running dbt with arguments {'printer_width': '80', 'indirect_selection': 'eager', 'log_cache_events': 'False', 'write_json': 'True', 'partial_parse': 'True', 'cache_selected_only': 'False', 'warn_error': 'None', 'version_check': 'True', 'fail_fast': 'False', 'log_path': 'c:\\Users\\Mosev\\OneDrive - SAFAL GROUP\\Documents\\GitHub\\Resource_Manager\\logs', 'debug': 'False', 'profiles_dir': 'C:\\Users\\Mosev\\.dbt', 'use_colors': 'True', 'use_experimental_parser': 'False', 'no_print': 'None', 'quiet': 'False', 'warn_error_options': 'WarnErrorOptions(include=[], exclude=[])', 'static_parser': 'True', 'invocation_command': 'dbt ', 'introspect': 'True', 'target_path': 'None', 'log_format': 'default', 'send_anonymous_usage_stats': 'True'}
[0m15:26:34.852378 [debug] [MainThread]: Sending event: {'category': 'dbt', 'action': 'project_id', 'label': '5968735c-9c6f-4305-84cc-463feb487bde', 'context': [<snowplow_tracker.self_describing_json.SelfDescribingJson object at 0x00000263149E5C70>]}
[0m15:26:36.177225 [info ] [MainThread]: Warning: No packages were found in packages.yml
[0m15:26:36.180694 [info ] [MainThread]: Warning: No packages were found in packages.yml
[0m15:26:36.183163 [debug] [MainThread]: Command `cli deps` succeeded at 15:26:36.183163 after 2.63 seconds
[0m15:26:36.184175 [debug] [MainThread]: Sending event: {'category': 'dbt', 'action': 'invocation', 'label': 'end', 'context': [<snowplow_tracker.self_describing_json.SelfDescribingJson object at 0x0000026314839B80>, <snowplow_tracker.self_describing_json.SelfDescribingJson object at 0x0000026314686570>, <snowplow_tracker.self_describing_json.SelfDescribingJson object at 0x0000026310230080>]}
[0m15:26:36.185209 [debug] [MainThread]: Flushing usage events
[0m15:36:15.045635 [debug] [MainThread]: Sending event: {'category': 'dbt', 'action': 'invocation', 'label': 'start', 'context': [<snowplow_tracker.self_describing_json.SelfDescribingJson object at 0x00000246B3CA6330>, <snowplow_tracker.self_describing_json.SelfDescribingJson object at 0x00000246B3AC9BB0>, <snowplow_tracker.self_describing_json.SelfDescribingJson object at 0x00000246B0416A20>]}


============================== 15:36:15.058277 | d7ada686-0629-400e-9e51-e3f3aba4ef82 ==============================
[0m15:36:15.058277 [info ] [MainThread]: Running with dbt=1.8.0
[0m15:36:15.062271 [debug] [MainThread]: running dbt with arguments {'printer_width': '80', 'indirect_selection': 'eager', 'write_json': 'True', 'log_cache_events': 'False', 'partial_parse': 'True', 'cache_selected_only': 'False', 'profiles_dir': 'C:\\Users\\Mosev\\.dbt', 'debug': 'False', 'version_check': 'True', 'log_path': 'c:\\Users\\Mosev\\OneDrive - SAFAL GROUP\\Documents\\GitHub\\Resource_Manager\\logs', 'fail_fast': 'False', 'warn_error': 'None', 'use_colors': 'True', 'use_experimental_parser': 'False', 'no_print': 'None', 'quiet': 'False', 'warn_error_options': 'WarnErrorOptions(include=[], exclude=[])', 'invocation_command': 'dbt ', 'introspect': 'True', 'log_format': 'default', 'target_path': 'None', 'static_parser': 'True', 'send_anonymous_usage_stats': 'True'}
[0m15:36:15.538820 [debug] [MainThread]: Sending event: {'category': 'dbt', 'action': 'project_id', 'label': 'd7ada686-0629-400e-9e51-e3f3aba4ef82', 'context': [<snowplow_tracker.self_describing_json.SelfDescribingJson object at 0x00000246B3AF5C70>]}
[0m15:36:15.683208 [info ] [MainThread]: Warning: No packages were found in packages.yml
[0m15:36:15.707670 [info ] [MainThread]: Warning: No packages were found in packages.yml
[0m15:36:15.713666 [debug] [MainThread]: Command `cli deps` succeeded at 15:36:15.712674 after 1.41 seconds
[0m15:36:15.715768 [debug] [MainThread]: Sending event: {'category': 'dbt', 'action': 'invocation', 'label': 'end', 'context': [<snowplow_tracker.self_describing_json.SelfDescribingJson object at 0x00000246B3CA6330>, <snowplow_tracker.self_describing_json.SelfDescribingJson object at 0x00000246B0F43410>, <snowplow_tracker.self_describing_json.SelfDescribingJson object at 0x00000246B3518980>]}
[0m15:36:15.716762 [debug] [MainThread]: Flushing usage events
[0m08:23:22.014467 [debug] [MainThread]: Sending event: {'category': 'dbt', 'action': 'invocation', 'label': 'start', 'context': [<snowplow_tracker.self_describing_json.SelfDescribingJson object at 0x000002ABE9F3DB50>, <snowplow_tracker.self_describing_json.SelfDescribingJson object at 0x000002ABE5E80080>, <snowplow_tracker.self_describing_json.SelfDescribingJson object at 0x000002ABEA4E9B80>]}


============================== 08:23:22.108051 | fe3a015e-15dc-484d-a9bd-d72cd000e894 ==============================
[0m08:23:22.108051 [info ] [MainThread]: Running with dbt=1.8.0
[0m08:23:22.111067 [debug] [MainThread]: running dbt with arguments {'printer_width': '80', 'indirect_selection': 'eager', 'log_cache_events': 'False', 'write_json': 'True', 'partial_parse': 'True', 'cache_selected_only': 'False', 'warn_error': 'None', 'debug': 'False', 'fail_fast': 'False', 'log_path': 'c:\\Users\\Mosev\\OneDrive - SAFAL GROUP\\Documents\\GitHub\\Resource_Manager\\logs', 'version_check': 'True', 'profiles_dir': 'C:\\Users\\Mosev\\.dbt', 'use_colors': 'True', 'use_experimental_parser': 'False', 'no_print': 'None', 'quiet': 'False', 'warn_error_options': 'WarnErrorOptions(include=[], exclude=[])', 'invocation_command': 'dbt ', 'log_format': 'default', 'introspect': 'True', 'target_path': 'None', 'static_parser': 'True', 'send_anonymous_usage_stats': 'True'}
[0m08:23:22.663203 [debug] [MainThread]: Sending event: {'category': 'dbt', 'action': 'project_id', 'label': 'fe3a015e-15dc-484d-a9bd-d72cd000e894', 'context': [<snowplow_tracker.self_describing_json.SelfDescribingJson object at 0x000002ABE9AFE600>]}
[0m08:23:23.195470 [info ] [MainThread]: Warning: No packages were found in packages.yml
[0m08:23:23.203486 [info ] [MainThread]: Warning: No packages were found in packages.yml
[0m08:23:23.209472 [debug] [MainThread]: Command `cli deps` succeeded at 08:23:23.208564 after 2.03 seconds
[0m08:23:23.211555 [debug] [MainThread]: Sending event: {'category': 'dbt', 'action': 'invocation', 'label': 'end', 'context': [<snowplow_tracker.self_describing_json.SelfDescribingJson object at 0x000002ABEA4B9520>, <snowplow_tracker.self_describing_json.SelfDescribingJson object at 0x000002ABEA4BAE10>, <snowplow_tracker.self_describing_json.SelfDescribingJson object at 0x000002ABEA966900>]}
[0m08:23:23.213553 [debug] [MainThread]: Flushing usage events
[0m10:57:35.428673 [debug] [MainThread]: Sending event: {'category': 'dbt', 'action': 'invocation', 'label': 'start', 'context': [<snowplow_tracker.self_describing_json.SelfDescribingJson object at 0x00000228F54B2330>, <snowplow_tracker.self_describing_json.SelfDescribingJson object at 0x00000228F61EB140>, <snowplow_tracker.self_describing_json.SelfDescribingJson object at 0x00000228F2B6A030>]}


============================== 10:57:35.434735 | 942c286a-ae74-4686-92ba-500617e8fadc ==============================
[0m10:57:35.434735 [info ] [MainThread]: Running with dbt=1.8.0
[0m10:57:35.435709 [debug] [MainThread]: running dbt with arguments {'printer_width': '80', 'indirect_selection': 'eager', 'write_json': 'True', 'log_cache_events': 'False', 'partial_parse': 'True', 'cache_selected_only': 'False', 'warn_error': 'None', 'debug': 'False', 'fail_fast': 'False', 'log_path': 'c:\\Users\\Mosev\\OneDrive - SAFAL GROUP\\Documents\\GitHub\\Resource_Manager\\logs', 'profiles_dir': 'C:\\Users\\Mosev\\.dbt', 'version_check': 'True', 'use_colors': 'True', 'use_experimental_parser': 'False', 'no_print': 'None', 'quiet': 'False', 'warn_error_options': 'WarnErrorOptions(include=[], exclude=[])', 'invocation_command': 'dbt ', 'static_parser': 'True', 'log_format': 'default', 'target_path': 'None', 'introspect': 'True', 'send_anonymous_usage_stats': 'True'}
[0m10:57:35.636155 [debug] [MainThread]: Sending event: {'category': 'dbt', 'action': 'project_id', 'label': '942c286a-ae74-4686-92ba-500617e8fadc', 'context': [<snowplow_tracker.self_describing_json.SelfDescribingJson object at 0x00000228F5A287D0>]}
[0m10:57:35.726661 [info ] [MainThread]: Warning: No packages were found in packages.yml
[0m10:57:35.738654 [info ] [MainThread]: Warning: No packages were found in packages.yml
[0m10:57:35.741656 [debug] [MainThread]: Command `cli deps` succeeded at 10:57:35.741656 after 1.04 seconds
[0m10:57:35.742656 [debug] [MainThread]: Sending event: {'category': 'dbt', 'action': 'invocation', 'label': 'end', 'context': [<snowplow_tracker.self_describing_json.SelfDescribingJson object at 0x00000228F54B2330>, <snowplow_tracker.self_describing_json.SelfDescribingJson object at 0x00000228F6694470>, <snowplow_tracker.self_describing_json.SelfDescribingJson object at 0x00000228F3AA4470>]}
[0m10:57:35.743657 [debug] [MainThread]: Flushing usage events
[0m15:48:03.078849 [debug] [MainThread]: Sending event: {'category': 'dbt', 'action': 'invocation', 'label': 'start', 'context': [<snowplow_tracker.self_describing_json.SelfDescribingJson object at 0x0000017CD8313980>, <snowplow_tracker.self_describing_json.SelfDescribingJson object at 0x0000017CDAFE9CD0>, <snowplow_tracker.self_describing_json.SelfDescribingJson object at 0x0000017CDAFE8680>]}


============================== 15:48:03.141680 | 03a082ed-c1bd-48b0-8579-830e681ebfc0 ==============================
[0m15:48:03.141680 [info ] [MainThread]: Running with dbt=1.8.0
[0m15:48:03.143710 [debug] [MainThread]: running dbt with arguments {'printer_width': '80', 'indirect_selection': 'eager', 'write_json': 'True', 'log_cache_events': 'False', 'partial_parse': 'True', 'cache_selected_only': 'False', 'warn_error': 'None', 'version_check': 'True', 'fail_fast': 'False', 'log_path': 'c:\\Users\\Mosev\\OneDrive - SAFAL GROUP\\Documents\\GitHub\\Resource_Manager\\logs', 'profiles_dir': 'C:\\Users\\Mosev\\.dbt', 'debug': 'False', 'use_colors': 'True', 'use_experimental_parser': 'False', 'no_print': 'None', 'quiet': 'False', 'warn_error_options': 'WarnErrorOptions(include=[], exclude=[])', 'static_parser': 'True', 'invocation_command': 'dbt ', 'introspect': 'True', 'target_path': 'None', 'log_format': 'default', 'send_anonymous_usage_stats': 'True'}
[0m15:48:03.443484 [debug] [MainThread]: Sending event: {'category': 'dbt', 'action': 'project_id', 'label': '03a082ed-c1bd-48b0-8579-830e681ebfc0', 'context': [<snowplow_tracker.self_describing_json.SelfDescribingJson object at 0x0000017CDB2455B0>]}
[0m15:48:04.115079 [info ] [MainThread]: Warning: No packages were found in packages.yml
[0m15:48:04.120078 [info ] [MainThread]: Warning: No packages were found in packages.yml
[0m15:48:04.122076 [debug] [MainThread]: Command `cli deps` succeeded at 15:48:04.121116 after 1.75 seconds
[0m15:48:04.122076 [debug] [MainThread]: Sending event: {'category': 'dbt', 'action': 'invocation', 'label': 'end', 'context': [<snowplow_tracker.self_describing_json.SelfDescribingJson object at 0x0000017CD8313980>, <snowplow_tracker.self_describing_json.SelfDescribingJson object at 0x0000017CDACADE80>, <snowplow_tracker.self_describing_json.SelfDescribingJson object at 0x0000017CDB044E90>]}
[0m15:48:04.123131 [debug] [MainThread]: Flushing usage events
[0m08:01:13.710386 [debug] [MainThread]: Sending event: {'category': 'dbt', 'action': 'invocation', 'label': 'start', 'context': [<snowplow_tracker.self_describing_json.SelfDescribingJson object at 0x000002657C624710>, <snowplow_tracker.self_describing_json.SelfDescribingJson object at 0x000002657EE3D0A0>, <snowplow_tracker.self_describing_json.SelfDescribingJson object at 0x000002657EE3C140>]}


============================== 08:01:13.723382 | 378db453-ec67-47c9-a9f2-83e1407b0593 ==============================
[0m08:01:13.723382 [info ] [MainThread]: Running with dbt=1.8.0
[0m08:01:13.725370 [debug] [MainThread]: running dbt with arguments {'printer_width': '80', 'indirect_selection': 'eager', 'write_json': 'True', 'log_cache_events': 'False', 'partial_parse': 'True', 'cache_selected_only': 'False', 'warn_error': 'None', 'fail_fast': 'False', 'profiles_dir': 'C:\\Users\\Mosev\\.dbt', 'log_path': 'c:\\Users\\Mosev\\OneDrive - SAFAL GROUP\\Documents\\GitHub\\Resource_Manager\\logs', 'debug': 'False', 'version_check': 'True', 'use_colors': 'True', 'use_experimental_parser': 'False', 'no_print': 'None', 'quiet': 'False', 'warn_error_options': 'WarnErrorOptions(include=[], exclude=[])', 'invocation_command': 'dbt ', 'introspect': 'True', 'static_parser': 'True', 'target_path': 'None', 'log_format': 'default', 'send_anonymous_usage_stats': 'True'}
[0m08:01:14.108284 [debug] [MainThread]: Sending event: {'category': 'dbt', 'action': 'project_id', 'label': '378db453-ec67-47c9-a9f2-83e1407b0593', 'context': [<snowplow_tracker.self_describing_json.SelfDescribingJson object at 0x000002657E83CE60>]}
[0m08:01:14.461132 [info ] [MainThread]: Warning: No packages were found in packages.yml
[0m08:01:14.469045 [info ] [MainThread]: Warning: No packages were found in packages.yml
[0m08:01:14.473040 [debug] [MainThread]: Command `cli deps` succeeded at 08:01:14.472045 after 1.47 seconds
[0m08:01:14.474787 [debug] [MainThread]: Sending event: {'category': 'dbt', 'action': 'invocation', 'label': 'end', 'context': [<snowplow_tracker.self_describing_json.SelfDescribingJson object at 0x000002657E402780>, <snowplow_tracker.self_describing_json.SelfDescribingJson object at 0x000002657E7AC860>, <snowplow_tracker.self_describing_json.SelfDescribingJson object at 0x000002657E7AF200>]}
[0m08:01:14.477181 [debug] [MainThread]: Flushing usage events
[0m10:31:07.156373 [debug] [MainThread]: Sending event: {'category': 'dbt', 'action': 'invocation', 'label': 'start', 'context': [<snowplow_tracker.self_describing_json.SelfDescribingJson object at 0x0000021A5788A330>, <snowplow_tracker.self_describing_json.SelfDescribingJson object at 0x0000021A5553ED50>, <snowplow_tracker.self_describing_json.SelfDescribingJson object at 0x0000021A5553F410>]}


============================== 10:31:07.161472 | 3daac69c-5af8-4a77-95e2-ff3989171b9d ==============================
[0m10:31:07.161472 [info ] [MainThread]: Running with dbt=1.9.1
[0m10:31:07.162476 [debug] [MainThread]: running dbt with arguments {'printer_width': '80', 'indirect_selection': 'eager', 'write_json': 'True', 'log_cache_events': 'False', 'partial_parse': 'True', 'cache_selected_only': 'False', 'profiles_dir': 'C:\\Users\\Mosev\\.dbt', 'version_check': 'True', 'fail_fast': 'False', 'log_path': 'c:\\Users\\Mosev\\OneDrive - SAFAL GROUP\\Documents\\GitHub\\Resource_Manager\\logs', 'debug': 'False', 'warn_error': 'None', 'use_colors': 'True', 'use_experimental_parser': 'False', 'empty': 'None', 'quiet': 'False', 'no_print': 'None', 'warn_error_options': 'WarnErrorOptions(include=[], exclude=[])', 'introspect': 'True', 'invocation_command': 'dbt ', 'log_format': 'default', 'target_path': 'None', 'static_parser': 'True', 'send_anonymous_usage_stats': 'True'}
[0m10:31:07.356644 [debug] [MainThread]: Sending event: {'category': 'dbt', 'action': 'project_id', 'label': '3daac69c-5af8-4a77-95e2-ff3989171b9d', 'context': [<snowplow_tracker.self_describing_json.SelfDescribingJson object at 0x0000021A57B70680>]}
[0m10:31:07.377805 [info ] [MainThread]: Warning: No packages were found in packages.yml
[0m10:31:07.380809 [info ] [MainThread]: Warning: No packages were found in packages.yml
[0m10:31:07.382804 [debug] [MainThread]: Command `cli deps` succeeded at 10:31:07.382804 after 0.65 seconds
[0m10:31:07.383807 [debug] [MainThread]: Sending event: {'category': 'dbt', 'action': 'invocation', 'label': 'end', 'context': [<snowplow_tracker.self_describing_json.SelfDescribingJson object at 0x0000021A5842B6B0>, <snowplow_tracker.self_describing_json.SelfDescribingJson object at 0x0000021A5788A2A0>, <snowplow_tracker.self_describing_json.SelfDescribingJson object at 0x0000021A57C0D100>]}
[0m10:31:07.383807 [debug] [MainThread]: Flushing usage events
[0m10:31:08.471281 [debug] [MainThread]: An error was encountered while trying to flush usage events
[0m09:02:23.237237 [debug] [MainThread]: Sending event: {'category': 'dbt', 'action': 'invocation', 'label': 'start', 'context': [<snowplow_tracker.self_describing_json.SelfDescribingJson object at 0x0000029FCF9D19A0>, <snowplow_tracker.self_describing_json.SelfDescribingJson object at 0x0000029FD25DFDA0>, <snowplow_tracker.self_describing_json.SelfDescribingJson object at 0x0000029FD27AB6E0>]}


============================== 09:02:23.245332 | 33331570-204b-4644-bd95-a9690a1babab ==============================
[0m09:02:23.245332 [info ] [MainThread]: Running with dbt=1.9.1
[0m09:02:23.246326 [debug] [MainThread]: running dbt with arguments {'printer_width': '80', 'indirect_selection': 'eager', 'log_cache_events': 'False', 'write_json': 'True', 'partial_parse': 'True', 'cache_selected_only': 'False', 'warn_error': 'None', 'version_check': 'True', 'debug': 'False', 'log_path': 'c:\\Users\\Mosev\\OneDrive - SAFAL GROUP\\Documents\\GitHub\\Resource_Manager\\logs', 'fail_fast': 'False', 'profiles_dir': 'C:\\Users\\Mosev\\.dbt', 'use_colors': 'True', 'use_experimental_parser': 'False', 'no_print': 'None', 'quiet': 'False', 'empty': 'None', 'log_format': 'default', 'introspect': 'True', 'static_parser': 'True', 'warn_error_options': 'WarnErrorOptions(include=[], exclude=[])', 'target_path': 'None', 'invocation_command': 'dbt ', 'send_anonymous_usage_stats': 'True'}
[0m09:02:23.480352 [debug] [MainThread]: Sending event: {'category': 'dbt', 'action': 'project_id', 'label': '33331570-204b-4644-bd95-a9690a1babab', 'context': [<snowplow_tracker.self_describing_json.SelfDescribingJson object at 0x0000029FD1D54EC0>]}
[0m09:02:23.513513 [info ] [MainThread]: Warning: No packages were found in packages.yml
[0m09:02:23.518220 [info ] [MainThread]: Warning: No packages were found in packages.yml
[0m09:02:23.520542 [debug] [MainThread]: Command `cli deps` succeeded at 09:02:23.519328 after 0.78 seconds
[0m09:02:23.521551 [debug] [MainThread]: Sending event: {'category': 'dbt', 'action': 'invocation', 'label': 'end', 'context': [<snowplow_tracker.self_describing_json.SelfDescribingJson object at 0x0000029FD1D55460>, <snowplow_tracker.self_describing_json.SelfDescribingJson object at 0x0000029FD27D7E00>, <snowplow_tracker.self_describing_json.SelfDescribingJson object at 0x0000029FD27D7B60>]}
[0m09:02:23.522599 [debug] [MainThread]: Flushing usage events
[0m09:02:24.758565 [debug] [MainThread]: An error was encountered while trying to flush usage events
